title,authors,journal,year,doi,abstract,tags
Metagenomics reveals the response of desert steppe microbial communities and carbon-nitrogen cycling functional genes to nitrogen deposition,He Ye; Yu Zhao; Shilong He; Zhendan Wu; Mei Yue; Mei Hong,Frontiers in Microbiology,2024,10.3389/fmicb.2024.1369196,"Introduction Nitrogen (N) deposition seriously affects the function of carbon (C) and N cycling in terrestrial ecosystems by altering soil microbial communities, especially in desert steppe ecosystems. However, there is a need for a comprehensive understanding of how microorganisms involved in each C and N cycle process respond to N deposition. Methods In this study, shotgun metagenome sequencing was used to investigate variations in soil C and N cycling-related genes in the desert steppe in northern China after 6 years of the following N deposition: N0 (control); N30 (N addition 30 kg ha −1 year −1 ): N50 (N addition 50 kg ha −1 year −1 ). Results N deposition significantly increased the relative abundance of Actinobacteria ( P < 0.05) while significantly decreased the relative abundances of Proteobacteria and Acidobacteria ( P < 0.05). This significantly impacted the microbial community composition in desert steppe soils. The annual addition or deposition of 50 kg ha −1 year −1 for up to 6 years did not affect the C cycle gene abundance but changed the C cycle-related microorganism community structure. The process of the N cycle in the desert steppe was affected by N deposition (50 kg ha −1 year −1 ), which increased the abundance of the pmoA-amoA gene related to nitrification and the nirB gene associated with assimilation nitrite reductase. There may be a niche overlap between microorganisms involved in the same C and N cycling processes. Discussion This study provides new insights into the effects of N deposition on soil microbial communities and functions in desert steppe and a better understanding of the ecological consequences of anthropogenic N addition.",宏基因组/功能基因；氮添加/氮沉降；氮循环过程；微生物群落
Shrub encroachment alters microbial community composition and soil carbon and nitrogen cycling functional genes in northern peatlands,J. Meren Ao; Xinyu Tang; Zhenxin Li; Zhanhui Tang,Microbiology Spectrum,2025,10.1128/spectrum.00542-25,"ABSTRACT Changes in vegetation, such as shrub encroachment in grassland and wetland ecosystems, significantly influence soil microbial communities and biogeochemical processes. However, the specific impact of shrub encroachment on peatland ecosystems remains poorly understood. This study used a “space-for-time” approach, collecting soil samples from three encroachment stages—uninvaded, shrub invasion, and shrub invasion expansion—at two depths (0–30 cm and 30–60 cm). Metagenomic sequencing was used to assess the microbial community composition and functional gene dynamics. Shrub encroachment significantly alters soil physicochemical properties, nutrient availability, and microbial communities. Alpha diversity of bacteria and fungi was influenced by shrub encroachment and depth, whereas beta diversity varied mainly with depth. Functional carbon fixation genes ( korA and pps ) increased during shrub encroachment, while methane oxidation ( hdrA2 ) and carbon degradation genes ( GH31 and GH51 ) decreased before increasing. In addition, functional genes linked to nitrogen cycling ( nifD , nifH , amoA , and amoC ) declined, indicating a reduction in nitrogen fixation and nitrification pathways. Correlation and Mantel tests revealed that the total soil carbon content was the primary driver of these functional changes. These findings highlight the dynamic microbial responses to shrub encroachment and offer insights into the soil carbon and nitrogen-cycling mechanisms in peatlands. IMPORTANCE Shrub encroachment is transforming peatlands and altering their ecological and biogeochemical functions. This study provides critical insights into how shrub invasion affects microbial communities and functional genes responsible for carbon and nitrogen cycling in peatland soils. By revealing the underlying genetic mechanisms, this study enhances our understanding of the consequences of vegetation shifts on ecosystem processes. These findings are essential for predicting and managing peatland responses to environmental changes, helping to preserve their role as vital carbon and nutrient reservoirs.",宏基因组/功能基因；氮循环过程；滨海湿地/盐沼；微生物群落
"Effects of pepper–maize intercropping on the physicochemical properties, microbial communities, and metabolites of rhizosphere and bulk soils",Zeli Chen; Wenzhi Wang; Lu Chen; Peng Zhang; Zhenhuan Liu; Xukun Yang; Jin Shao; Yan Ding,Environmental Microbiome,2024,10.1186/s40793-024-00653-7,"BACKGROUND: Intercropping increases land use efficiency and farmland ecological diversity. However, little is understood about whether and how soil biota, metabolites, and nutrients change under interspecific competition among plants. Thus, this study aimed to explore the changes in the physicochemical properties, microbial communities, and metabolites of rhizosphere and bulk soils of pepper monocropping and pepper-maize intercropping systems. RESULTS: Intercropping significantly increased the contents of available phosphorus (AP) and available potassium (AK), and decreased the pH value, whereas it had little effect on the total nitrogen (TN) and organic matter (OM) in the rhizosphere and bulk soils, compared with those in monocropping pepper. Moreover, the OM content was higher in rhizosphere soil than in bulk soil. The microbial community structures and metabolite profiles also differed between the two systems. The diversity of bacteria and fungi increased in intercropped pepper. The relative abundances of Actinobacteria, Chloroflexi, Cyanobacteria, and Ascomycota were higher while those of Proteobacteria, Planctomycetes, Mucoromycota, and Basidiomycota were significantly lower in the rhizosphere and bulk soils from the intercropping system than in those from the monocropping system. Linear discriminant analysis revealed that the predominant bacteria and fungi in the rhizosphere soil from the intercropping system belonged to the order Sphingomonadales and genera Nitrospira, Phycicoccus and Auricularia, whereas those in the bulk soil from the intercropping system belonged to the phylum Acidobacteria and genera Calocera, Pseudogymnoascus, and Trichosporon. Intercropping promoted the secretion of flavonoids, alkaloids, and nucleotides and their derivatives in the rhizosphere soil and significantly increased the contents of organoheterocyclic compounds in the bulk soil. Furthermore, the AP and AK contents, and pH value had strong positive correlations with bacteria. In addition, co-occurrence network analysis also showed that asebogenin, trachelanthamidine, 5-methyldeoxycytidine, and soil pH were the key factors mediating root-soil-microbe interactions. CONCLUSION: Intercropping can alter microbial community structures and soil metabolite composition in rhizosphere and bulk soils, enhancing soil nutrient contents, enriching soil beneficial microbes and secondary metabolites (flavonoids and alkaloids) of intercropped pepper, and provided a scientific basis for sustainable development in the pepper-maize intercropping system.",微生物群落
Immediate response of paddy soil microbial community and structure to moisture changes and nitrogen fertilizer application,Linrong Han; Hongling Qin; Jingyuan Wang; Dongliang Yao; Leyan Zhang; Jiahua Guo; Baoli Zhu,Frontiers in Microbiology,2023,10.3389/fmicb.2023.1130298,"Water and fertilizer managements are the most common practices to maximize crop yields, and their long-term impact on soil microbial communities has been extensively studied. However, the initial response of microbes to fertilization and soil moisture changes remains unclear. In this study, the immediate effects of nitrogen (N)-fertilizer application and moisture levels on microbial community of paddy soils were investigated through controlled incubation experiments. Amplicon sequencing results revealed that moisture had a stronger influence on the abundance and community composition of total soil bacteria, as well as ammonia oxidizing-archaea (AOA) and -bacteria (AOB). Conversely, fertilizer application noticeably reduced the connectivity and complexity of the total bacteria network, and increasing moisture slightly exacerbated these effects. NH 4 + -N content emerged as a significant driving force for changes in the structure of the total bacteria and AOB communities, while NO 3 − -N content played more important role in driving shifts in AOA composition. These findings indicate that the initial responses of microbial communities, including abundance and composition, and network differ under water and fertilizer managements. By providing a snapshot of microbial community structure following short-term N-fertilizer and water treatments, this study contributes to a better understanding of how soil microbes respond to long-term agriculture managements.",氮添加/氮沉降；微生物群落
"Effects of continuous cropping of Pinellia ternata (Thunb.) Breit. on soil physicochemical properties, enzyme activities, microbial communities and functional genes",Yuan Zhao; Xiaomeng Qin; Xueping Tian; Tao Yang; Rong Deng; Jun Huang,Chemical and Biological Technologies in Agriculture,2021,10.1186/s40538-021-00243-6,"Abstract Background Pinellia ternata (Thunb.) Breit. is a commonly used herb in traditional Chinese medicine, and the main raw material of various Chinese patent medicines. Continuous cropping obstacle (CCO) is the main factor leading to the decline of crop yields and quality. Methods Metagenomics sequencing technology was used to analyze the microbial community and functional genes of continuous cropping (CC) and control (CK) soils of P. ternata . In addition, differences in physicochemical properties, enzyme activities, microbial community composition and the abundance of functional genes in CC and CK were evaluated, as well as the relationship between these factors and CCO. Results Results indicated that CC of P. ternata led to the decline of rhizosphere soil pH, nutrient imbalance and enzyme activity reduction. Metagenomic analysis indicted that CC also changed the composition of the microbial community, causing an increase in the relative abundance of pathogenic microorganisms such as Fusarium , Klebsiella oxytoca and Pectobacterium carotovorum in the P. ternata rhizosphere. The relative abundance of potentially beneficial Burkholderia and Bradyrhizobium was recorded to decrease. Results also showed that there were considerable differences in CC and CK about the abundances of functional genes related to soil enzymes and the degradation of P. ternata allelochemicals, as well as the microbial groups which they belong. These results clarified the effects of CC on the microbial community structure and functional genes of soil. In addition, Burkholderia and Bradyrhizobium might play important roles in enhancing soil fertility and reducing the toxicity of phenolic acids in rhizosphere soil. Conclusions CC of P. ternata changed the physicochemical properties, microbial community and functional genes of rhizosphere soil. Burkholderia and Bradyrhizobium for enhancing soil fertility and reducing the toxicity of phenolic acids might be potentially beneficial. These results provide theoretical guidance for bioremediation of CCO soil of P. ternata and other staple crops. Graphic abstract",宏基因组/功能基因；微生物群落
Dynamic root microbiome sustains soybean productivity under unbalanced fertilization,Mingxing Wang; An‐Hui Ge; Xingzhu Ma; Xiaolin Wang; Qiujin Xie; Like Wang; Xianwei Song; Mengchen Jiang,Nature Communications,2024,10.1038/s41467-024-45925-5,"Root-associated microbiomes contribute to plant growth and health, and are dynamically affected by plant development and changes in the soil environment. However, how different fertilizer regimes affect quantitative changes in microbial assembly to effect plant growth remains obscure. Here, we explore the temporal dynamics of the root-associated bacteria of soybean using quantitative microbiome profiling (QMP) to examine its response to unbalanced fertilizer treatments (i.e., lacking either N, P or K) and its role in sustaining plant growth after four decades of unbalanced fertilization. We show that the root-associated bacteria exhibit strong succession during plant development, and bacterial loads largely increase at later stages, particularly for Bacteroidetes. Unbalanced fertilization has a significant effect on the assembly of the soybean rhizosphere bacteria, and in the absence of N fertilizer the bacterial community diverges from that of fertilized plants, while lacking P fertilizer impedes the total load and turnover of rhizosphere bacteria. Importantly, a SynCom derived from the low-nitrogen-enriched cluster is capable of stimulating plant growth, corresponding with the stabilized soybean productivity in the absence of N fertilizer. These findings provide new insights in the quantitative dynamics of the root-associated microbiome and highlight a key ecological cluster with prospects for sustainable agricultural management.",氮添加/氮沉降；微生物群落
Impact of nitrogen and phosphorus amendments on nitrogen‐cycling microbial abundances and potentials: A meta‐analysis,Yuqian Tang; Yanru Jia; Siqin Zhang; Yanjie Zhang,European Journal of Soil Science,2024,10.1111/ejss.13585,"The rapid increase in nitrogen (N) and phosphorus (P) availabilities in terrestrial ecosystems has led to sustained shifts in soil microbial communities and microbially‐mediated N‐cycling. However, the specific effects of N and P amendments on N‐cycling microbes are poorly understood. This meta‐analysis synthesizes the effects of N and/or P amendments on the abundances and functional potentials of N‐cycling genes involved in N₂ fixation, organic N mineralization, nitrification, and denitrification across natural ecosystems and diverse soil conditions in China. Our findings indicate that ammonia‐oxidizing bacteria (AOB) showed greater responsiveness to N amendment than ammonia‐oxidizing archaea (AOA), and AOB amoA abundance increased while AOA amoA abundance decreased with P amendments. Additionally, the abundance of nirS declined, while nirK abundance remained unresponsive to both N and P amendments. These findings highlight the distinct ecological niches occupied by microbial groups with equivalent functions in response to N and P amendments. Moreover, our findings indicate that soil N and P availabilities, along with soil acidification induced by N additions and microbial biomass carbon content, are key factors regulating N‐cycling gene abundances and potentials. The driving mechanisms for N‐cycling genes and their corresponding potentials appear to be distinct, with gene abundance showing only a limited influence on functional potentials. This suggests that factors such as soil properties and microbial community compositions may be more critical determinants of N‐cycling processes than functional gene abundances with regard to scenarios of increasing N and P deposition.",宏基因组/功能基因；氮循环过程；微生物群落
Effect of Nitrogen Addition on Soil Microbial Functional Gene Abundance and Community Diversity in Permafrost Peatland,Xiuyan Ma; Yanyu Song; Changchun Song; Xian‐Wei Wang; Nannan Wang; Siqi Gao; Xiaofeng Cheng; Zhendi Liu,Microorganisms,2021,10.3390/microorganisms9122498,"Nitrogen is the limiting nutrient for plant growth in peatland ecosystems. Nitrogen addition significantly affects the plant biomass, diversity and community structure in peatlands. However, the response of belowground microbe to nitrogen addition in peatland ecosystems remains largely unknown. In this study, we performed long-term nitrogen addition experiments in a permafrost peatland in the northwest slope of the Great Xing’an Mountains. The four nitrogen addition treatments applied in this study were 0 g N·m−2·year−1 (CK), 6 g N·m−2·year−1 (N1), 12 g N·m−2·year−1 (N2), and 24 g N·m−2·year−1 (N3). Effects of nitrogen addition over a period of nine growing seasons on the soil microbial abundance and community diversity in permafrost peatland were analyzed. The results showed that the abundances of soil bacteria, fungi, archaea, nitrogen-cycling genes (nifH and b-amoA), and mcrA increased in N1, N2, and N3 treatments compared to CK. This indicated that nitrogen addition promoted microbial decomposition of soil organic matter, nitrogen fixation, ammonia oxidation, nitrification, and methane production. Moreover, nitrogen addition altered the microbial community composition. At the phylum level, the relative abundance of Proteobacteria increased significantly in the N2 treatment. However, the relative abundances of Actinobacteria and Verrucifera in the N2 treatment and Patescibacteria in the N1 treatment decreased significantly. The heatmap showed that the dominant order composition of soil bacteria in N1, N2, and N3 treatments and the CK treatment were different, and the dominant order composition of soil fungi in CK and N3 treatments were different. The N1 treatment showed a significant increase in the Ace and Chao indices of bacteria and Simpson index of fungi. The outcomes of this study suggest that nitrogen addition altered the soil microbial abundance, community structure, and diversity, affecting the soil microbial carbon and nitrogen cycling in permafrost peatland. The results are helpful to understand the microbial mediation on ecological processes in response to N addition.",宏基因组/功能基因；氮添加/氮沉降；氮循环过程；微生物群落
Distinct Responses of Abundant and Rare Soil Bacteria to Nitrogen Addition in Tropical Forest Soils,Jinhong He; Xiangping Tan; Yanxia Nie; Lei Ma; Juxiu Liu; X. L. Lu; Jiangming Mo; Julie Leloup,Microbiology Spectrum,2023,10.1128/spectrum.03003-22,"Atmospheric nitrogen (N) deposition is a worldwide environmental problem and threatens biodiversity and ecosystem functioning. Understanding the responses of community dynamics and assembly processes of abundant and rare soil bacterial taxa to anthropogenic N enrichment is vital for the management of N-polluted forest soils. Our sequence-based data revealed distinct responses in bacterial diversity, community composition, environmental acclimation, and assembly processes between abundant and rare taxa under N-addition soils in tropical forests. These findings provide new insight into the formation and maintenance of bacterial diversity and offer a way to better predict bacterial responses to the ongoing atmospheric N deposition in tropical forests.",氮添加/氮沉降
"Microbial Communities, Functional Genes, and Nitrogen Cycling Processes as Affected by Tree Species",Relena R. Ribbons; Morag A. Mcdonald; Lars Vesterdal,Soil Biological Communities and Ecosystem Resilience,2017,10.1007/978-3-319-63336-7_13,,宏基因组/功能基因
Nitrogen deposition in the middle-aged and mature coniferous forest: Impacts on soil microbial community structure and function,Jun Zhang; Fei Yu; Zhaoyong Hu; Shouqin Sun; Xiangyang Sun; Juying Sun; Wei Zhang; Genxu Wang,Applied Soil Ecology,2024,10.1016/j.apsoil.2024.105610,,氮添加/氮沉降；微生物群落
Overview of recent researches on nitrifying microorganisms in soil,Masahito Hayatsu; Chie Katsuyama; Kanako Tago,Soil Science & Plant Nutrition,2021,10.1080/00380768.2021.1981119,"Nitrogen cycle, a most important elemental cycle in earth ecosystem, is carried out by three major microbial processes including nitrogen fixation, nitrification and denitrification. Nitrification is particularly important in agricultural soil ecosystems because it is involved in nitrogen loss, groundwater pollution by nitrogen leaching, and greenhouse gas nitrous oxide emission. Recent genomic, metagenomic and physiological analysis of nitrifying microorganisms gives new insights into their ecology and functions in soils. In the last decade, there have been a number of important findings regarding nitrification. The discovery of nitrifying archaea and complete nitrifying bacteria has overturned the conventional theory that nitrification is driven by ammonia-oxidizing and nitrite-oxidizing bacteria. Each of the newly discovered nitrifying microorganisms has unique properties, for example, a different affinity for ammonia. These nitrifying microorganisms have been shown to actually play important roles in nitrification in agricultural soils. Soil conditions and agricultural practices such as fertilization and tillage have been shown to influence the contribution of each nitrifying microorganism to the activity of nitrification. In addition, nitrification inhibition technologies have been developed to prevent the loss of nitrogen fertilizer and the of nitrous oxide emission. This review provides an overview of recent researches on the diversity and characteristics of nitrifying microorganisms, soil factors affecting their ecology in soil, their involvement in nitrous oxide emissions, and nitrification control technologies.",宏基因组/功能基因；氮添加/氮沉降；氮循环过程；微生物群落
Plant developmental stage drives the differentiation in ecological role of the maize microbiome,Chao Xiong; Brajesh K. Singh; Ji‐Zheng He; Yan-Lai Han; Peipei Li; Li-Hua Wan; Guo-Zhong Meng; Si‐Yi Liu,Microbiome,2021,10.1186/s40168-021-01118-6,"BACKGROUND: Plants live with diverse microbial communities which profoundly affect multiple facets of host performance, but if and how host development impacts the assembly, functions and microbial interactions of crop microbiomes are poorly understood. Here we examined both bacterial and fungal communities across soils, epiphytic and endophytic niches of leaf and root, and plastic leaf of fake plant (representing environment-originating microbes) at three developmental stages of maize at two contrasting sites, and further explored the potential function of phylloplane microbiomes based on metagenomics. RESULTS: Our results suggested that plant developmental stage had a much stronger influence on the microbial diversity, composition and interkingdom networks in plant compartments than in soils, with the strongest effect in the phylloplane. Phylloplane microbiomes were co-shaped by both plant growth and seasonal environmental factors, with the air (represented by fake plants) as its important source. Further, we found that bacterial communities in plant compartments were more strongly driven by deterministic processes at the early stage but a similar pattern was for fungal communities at the late stage. Moreover, bacterial taxa played a more important role in microbial interkingdom network and crop yield prediction at the early stage, while fungal taxa did so at the late stage. Metagenomic analyses further indicated that phylloplane microbiomes possessed higher functional diversity at the early stage than the late stage, with functional genes related to nutrient provision enriched at the early stage and N assimilation and C degradation enriched at the late stage. Coincidently, more abundant beneficial bacterial taxa like Actinobacteria, Burkholderiaceae and Rhizobiaceae in plant microbiomes were observed at the early stage, but more saprophytic fungi at the late stage. CONCLUSIONS: Our results suggest that host developmental stage profoundly influences plant microbiome assembly and functions, and the bacterial and fungal microbiomes take a differentiated ecological role at different stages of plant development. This study provides empirical evidence for host exerting strong effect on plant microbiomes by deterministic selection during plant growth and development. These findings have implications for the development of future tools to manipulate microbiome for sustainable increase in primary productivity. Video Abstract.",宏基因组/功能基因；微生物群落
"Impacts of Land Use on Soil Nitrogen-Cycling Microbial Communities: Insights from Community Structure, Functional Gene Abundance, and Network Complexity",Junnan Ding; Shaopeng Yu,Life,2025,10.3390/life15030466,"This study investigates the effects of different land-use types (forest, arable land, and wetland) on key soil properties, microbial communities, and nitrogen cycling in the Lesser Khingan Mountains. The results revealed that forest (FL) and wetland (WL) soils had significantly higher soil organic matter (SOM) content compared with arable land (AL), with total phosphorus (TP) being highest in FL and available nitrogen (AN) significantly higher in WL. In terms of enzyme activity, AL and WL showed reduced activities of ammonia monooxygenase (AMO), β-D-glucosidase (β-G), and β-cellobiosidase (CBH), while exhibiting increased N-acetyl-β-D-glucosaminidase (NAG) activity, highlighting the impact of land use on nitrogen dynamics. WL also exhibited significantly higher microbial diversity and evenness compared with FL and AL. The dominant bacterial phyla included Actinobacteriota, Proteobacteria, and Acidobacteriota, with Acidobacteriota being most abundant in FL and Proteobacteria most abundant in WL. Network analysis showed that AL had the most complex and connected microbial network, while FL and WL had simpler but more stable networks, suggesting the influence of land use on microbial community interactions. Regarding nitrogen cycling genes, AOA-amoA was most abundant in AL, while AOB-amoA was significantly enriched in FL, reflecting the influence of land use on ammonia oxidation. These findings highlight how land-use types significantly affect soil properties, microbial community structures, and nitrogen cycling, offering valuable insights for sustainable land management.",宏基因组/功能基因；氮循环过程；滨海湿地/盐沼；微生物群落
Effects of nitrogen deposition with phosphorus addition on desert steppe plant communities,Leren Liu; Kuo Sun; Ruojun Sun; Quanhui Ma; Yuhui Wang; Bingrui Jia; Guangsheng Zhou; Zhenzhu Xu,"Agriculture, Ecosystems & Environment",2024,10.1016/j.agee.2024.108954,,氮添加/氮沉降
Exploring the Role of Cryptic Nitrogen Fixers in Terrestrial Ecosystems: A Frontier in Nitrogen Cycling Research,Cory C. Cleveland; Carla Roberta Gonçalves Reis; Steven S. Perakis; Katherine A. Dynarski; Sarah A. Batterman; Timothy E. Crews; Maga Gei; Michael J. Gundale,Ecosystems,2022,10.1007/s10021-022-00804-2,,背景文献
Host preference and invasiveness of commensal bacteria in the Lotus and Arabidopsis root microbiota,Kathrin Wippel; Ke Tao; Yulong Niu; Rafal Zgadzaj; Niklas Kiel; Rui Guan; Eik Dahms; Pengfan Zhang,Nature Microbiology,2021,10.1038/s41564-021-00941-9,"Roots of different plant species are colonized by bacterial communities, that are distinct even when hosts share the same habitat. It remains unclear to what extent the host actively selects these communities and whether commensals are adapted to a specific plant species. To address this question, we assembled a sequence-indexed bacterial culture collection from roots and nodules of Lotus japonicus that contains representatives of most species previously identified using metagenomics. We analysed taxonomically paired synthetic communities from L. japonicus and Arabidopsis thaliana in a multi-species gnotobiotic system and detected signatures of host preference among commensal bacteria in a community context, but not in mono-associations. Sequential inoculation experiments revealed priority effects during root microbiota assembly, where established communities are resilient to invasion by latecomers, and that host preference of commensal bacteria confers a competitive advantage in their cognate host. Our findings show that host preference in commensal bacteria from diverse taxonomic groups is associated with their invasiveness into standing root-associated communities.",宏基因组/功能基因
Novel Metal Resistance Genes from Microorganisms: A Functional Metagenomic Approach,José E. González-Pastor; Salvador Mirete,Methods in Molecular Biology,2010,10.1007/978-1-60761-823-2_19,,宏基因组/功能基因；微生物群落
"Nitrogen, Sulfur, and Carbon-Cycling Capabilities of Microbial Communities From Desert Cave Systems",Katelyn Mary Green; Abigail R. Brown; Zoe E. Havlena; Mackenzie B. Best; Diana E. Northup; Daniel S. Jones,New Mexico Geological Society Annual Spring Meeting,2024,10.56577/sm-2024.3008,,背景文献
Response of rhizosphere soil physicochemical properties and microbial community structure to continuous cultivation of tobacco,Bo Gong; Yi He; Zhenbao Luo; Huawei Peng; Heqing Cai; Yuening Zhu; Jun Bin; Mengjiao Ding,Annals of Microbiology,2024,10.1186/s13213-023-01748-1,"Abstract Purpose The health of rhizosphere soil microorganisms is an important indicator to evaluate soil quality. Therefore, understanding the response of rhizosphere soil microorganisms to tobacco crop succession is crucial for promoting the sustainable development of agriculture. Methods The microbial diversity and community structure of rhizosphere soil in continuous cropping and non-cropped tobacco for 7 years were analyzed by the Illumina platform. Result (1) Continuous cropping tobacco cause rhizosphere soil acidification and reduction in alkaline nitrogen (AN) and soil organic matter (SOM). (2) Continuous cropping tobacco reduces the diversity of rhizosphere soil microbial communities, increasing harmful functional microorganisms and declining beneficial ones. (3) The abundance of bacteria that perform nitrification and saprophytic fungi in the rhizosphere soil of continuous cropping areas decreases, inhibiting carbon and nitrogen cycling processes. (4) The composition and diversity of the soil rhizosphere microbial community are affected by the imbalance in the physicochemical property of the rhizosphere. Conclusion Continuous cropping tobacco cause rhizosphere soil acidification and nutrient imbalance, and the carbon and nitrogen cycles involved in microorganisms were damaged. Furthermore, the decreased diversity of rhizosphere soil microorganisms and the increased abundance of pathogenic fungi contribute to the continuous cropping obstacles of tobacco.",氮循环过程；微生物群落
"Changes of physiological characteristics, element accumulation and hormone metabolism of tea leaves in response to soil pH",Xiaoli Jia; Qi Zhang; Yuhua Wang; Ying Zhang; Mingzhe Li; Pengyuan Cheng; Meihui Chen; Shaoxiong Lin,Frontiers in Plant Science,2023,10.3389/fpls.2023.1266026,"Soil acidification is very likely to affect the growth of tea trees and reduce tea yield. In this study, we analyzed the effects of soils with different pH on the physiological characteristics of tea leaves and determined the multi-element content and hormone metabolomes of tea leaves by ICP-MS and LC-MS/MS, based on which we further analyzed their interaction. The results showed that increasing soil pH (3.29~5.32) was beneficial to increase the available nutrient content of the rhizosphere soil of tea tree, improve the antioxidant enzyme activity and photosynthesis capacity of tea tree leaves, and promote the growth of tea tree. Orthogonal partial least squares discriminant analysis (OPLS-DA) and bubble characteristics analysis were used to screen key elements and hormones for the effect of pH on tea leaves, which were further analyzed by redundancy analysis (RDA) and interaction network. The results showed that an increase in soil pH (3.29~5.32) favored the accumulation of seven key elements (C, K, Ca, Mg, Mn, P, S) in tea tree leaves, which in turn promoted the synthesis of six key hormones (salicylic acid, salicylic acid 2-O-β-glucoside, tryptamine, 2-oxindole-3-acetic acid, indole-3-acetic acid, trans-zeatin-O-glucoside). It can be seen that the increase in soil pH (3.29~5.32) enhanced the resistance of the tea tree itself, improved the photosynthesis ability of the tea tree, and effectively promoted the growth of the tea tree.",背景文献
The Effects of Rock Zones and Tea Tree Varieties on the Growth and Quality of Wuyi Rock Tea Based on the OPLS-DA Model and Machine Learning,Jianghua Ye; Qi Zhang; Miao Jia; Yuhua Wang; Ying Zhang; Xiaoli Jia; Xinyu Zheng; Haibin Wang,Agriculture,2024,10.3390/agriculture14040573,"Rock zones have an important influence on the yield and quality of Wuyi rock tea. In this study, OPLS-DA combined with machine learning was used to analyze the effects of different rock zones and tea tree varieties on the physicochemical properties of rhizosphere soil, the growth of the tea tree and the quality of the tea leaves using tea trees in different rock zones. The results showed that rock zones had significant effects on rhizosphere soil physicochemical indexes, soil enzyme activities, tea tree growth and tea quality indexes, while there was little difference between different tea tree varieties. The interaction analysis showed that the physicochemical indexes of rhizosphere soil in different rock zones significantly affected tea quality, while also affecting growth indexes. The main indexes affecting tea yield and caffeine content were soil pH, available nitrogen, total phosphorus, total nitrogen and available phosphorus, while the main indexes affecting tea quality were available potassium, organic matter, total potassium, protease, polyphenol oxidase and urease. Analyses of PCA, OPLS-DA models and KNN and ANN machine learning showed that different rock zones could be effectively distinguished from each other with 100% accuracy, while different tea varieties had little difference and could not be distinguished. TOPSIS analysis found that the physicochemical indexes most affected by rock zone were available nitrogen, available potassium and sucrose, and the quality indexes most affected by rock zone were tea polyphenols and theanine. The growth index most affected by rock zone was tea yield. It was evident that the key difference between tea trees in different rock zones was yield and quality, with high yields in continent zones, and good quality in semi-rock zones and rock zones. This study provides a crucial foundation for tea-plantation management, the artificial regulation of tea yield and the quality of different rock zones of Wuyi rock tea.",背景文献
Impact of environmental factors on the diversity of nitrogen-removal bacteria in wetlands in the Sanmenxia Reservoir of the Yellow River,Tao Li; Yiqiao Zhou; Fan Yang; Qingsong Guan; Qingbin Li; Hongyan Liang; Jun Zhao,Journal of Soils and Sediments,2022,10.1007/s11368-022-03405-7,,滨海湿地/盐沼
Nanoscale‑boron nitride positively alters rhizosphere microbial communities and subsequent cucumber (Cucumis sativa) growth: A metagenomic analysis,Xinxin Xu; Yi Hao; Zeyu Cai; Yini Cao; Weili Jia; Jian Zhao; Jason C. White; Chuanxin Ma,The Science of The Total Environment,2024,10.1016/j.scitotenv.2024.178115,,宏基因组/功能基因
Community metagenomics reveals the processes of nutrient cycling regulated by microbial functions in soils with P fertilizer input,Lei Liu; Ya Gao; Wenjie Yang; Jinshan Liu; Zhaohui Wang,Plant and Soil,2023,10.1007/s11104-023-05875-1,,宏基因组/功能基因
Processes and Microorganisms Involved in the Marine Nitrogen Cycle: Knowledge and Gaps,Silvia Pajares; Ramiro Ramos,Frontiers in Marine Science,2019,10.3389/fmars.2019.00739,,微生物群落
Intensifying anoxic ammonium removal by manganese ores and granular active carbon fillings in constructed wetland-microbial fuel cells: Metagenomics reveals functional genes and microbial mechanisms,Yifei Wang; Dongpeng Li; Xinshan Song; Xin Cao; Zhongshuo Xu; Wei Huang; Yuhui Wang; Zhiwei Wang,Bioresource Technology,2022,10.1016/j.biortech.2022.127114,,宏基因组/功能基因；滨海湿地/盐沼
Partitioning of the denitrification pathway and other nitrite metabolisms within global oxygen deficient zones,Irene H. Zhang; Xin Sun; Amal Jayakumar; Samantha G. Fortin; Bess B. Ward; Andrew R. Babbin,ISME Communications,2023,10.1038/s43705-023-00284-y,"Abstract Oxygen deficient zones (ODZs) account for about 30% of total oceanic fixed nitrogen loss via processes including denitrification, a microbially mediated pathway proceeding stepwise from NO3− to N2. This process may be performed entirely by complete denitrifiers capable of all four enzymatic steps, but many organisms possess only partial denitrification pathways, either producing or consuming key intermediates such as the greenhouse gas N2O. Metagenomics and marker gene surveys have revealed a diversity of denitrification genes within ODZs, but whether these genes co-occur within complete or partial denitrifiers and the identities of denitrifying taxa remain open questions. We assemble genomes from metagenomes spanning the ETNP and Arabian Sea, and map these metagenome-assembled genomes (MAGs) to 56 metagenomes from all three major ODZs to reveal the predominance of partial denitrifiers, particularly single-step denitrifiers. We find niche differentiation among nitrogen-cycling organisms, with communities performing each nitrogen transformation distinct in taxonomic identity and motility traits. Our collection of 962 MAGs presents the largest collection of pelagic ODZ microorganisms and reveals a clearer picture of the nitrogen cycling community within this environment.",宏基因组/功能基因；氮循环过程；微生物群落
Biocatalysis,Elizabeth L. Bell; William Finnigan; Scott P. France; Anthony P. Green; Martin A. Hayes; Lorna J. Hepworth; Sarah L. Lovelock; Haruka Niikura,Nature Reviews Methods Primers,2021,10.1038/s43586-021-00044-z,,背景文献
Systematic evaluation of horizontal gene transfer between eukaryotes and viruses,Nicholas A. T. Irwin; Alexandros A. Pittis; Thomas A. Richards; Patrick J. Keeling,Nature Microbiology,2021,10.1038/s41564-021-01026-3,,背景文献
Rhizosphere soil microbial communities and nitrogen transformation response to forest fire smoke,Ziyan Huang; Xiaoyu Zhan; Mulualem Tigabu; Yan He; Z. B. Li; Guangyu Wang; Futao Guo,Applied Soil Ecology,2025,10.1016/j.apsoil.2025.105990,,背景文献
Temporal Changes in Soil Chemical Compositions in Acidified Forest Soils,Saven THAI; Lenka Pavlů; Václav Tejnecký; Sabina Chovancová; Lyhour Hin; Bunthorn Thet; Karel Němeček; Ondřej Drábek,SSRN Electronic Journal,,10.2139/ssrn.4169421,,背景文献
"Biochar as Soil Amendment in Climate-Smart Agriculture: Opportunities, Future Prospects, and Challenges",Pranaba Nanda Bhattacharyya; Sosanka Protim Sandilya; Bhaskar Sarma; Abhay K. Pandey; Jintu Dutta; Kaberi Mahanta; Didier Lesueur; Bharat Chandra Nath,Journal of soil science and plant nutrition,2024,10.1007/s42729-024-01629-9,,背景文献
Variation in Bacterial Community Structure in Rhizosphere and Bulk Soils of Different Halophytes in the Yellow River Delta,Yinghan Zhao; Li Tian; Pengshuai Shao; Jingkuan Sun; Wenjing Xu; Zehao Zhang,Frontiers in Ecology and Evolution,2022,10.3389/fevo.2021.816918,"Soil microorganisms play the important role in driving biogeochemical cycles. However, it is still unclear on soil microbial community characteristics and microbial driving mechanism in rhizosphere and bulk soils of different halophyte species. In this study, we analyzed bacterial communities in the rhizosphere and bulk soils of three typical halophytes in the Yellow River Delta, i.e., Phragmites communis , Suaeda salsa , and Aeluropus sinensis , by high-throughput sequencing. The contents of total carbon, total nitrogen, and available phosphorus in rhizosphere soils of the three halophytes were significantly higher than those in bulk soils, which suggested a nutrient enrichment effect of the rhizosphere. Rhizosphere soil bacterial α-diversity of P. communis was higher than that in bulk soil, whereas bacterial α-diversity in rhizosphere soil of S. salsa and A. sinensis was lower than those in bulk soil. The dominant bacterial phyla were Proteobacteria , Actinobacteria , Chloroflexi , and Bacteroidetes , which accounted for 31, 20.5, 16.3, and 10.3%, respectively. LDA effect size (LEfSe) analysis showed that the bacterial species with significant differences in expression abundance was obviously different in the rhizosphere and bulk soil of three halophytes. The principal component analysis (PCoA) showed that bacterial community composition was greatly different between rhizosphere and bulk soils of P. communis and S. salsa , while no difference in A. sinensis . Changed bacterial community composition was mainly ascribed to salinity in rhizosphere and bulk soils. Additionally, salinity was positively correlated with Bacteroidetes and negatively correlated with Actinobacteria and Acidobacteria . Our study clarified the variation in bacterial community structure between rhizosphere and bulk soils with soil physicochemical properties, which proved a biological reference to indicate the characteristics of saline and alkaline land.",滨海湿地/盐沼；湿地植被/盐生植物；微生物群落
Nitrogen and phosphorus fertilization consistently favor pathogenic over mutualistic fungi in grassland soils,Ylva Lekberg; Carlos Alberto Arnillas; Elizabeth T. Borer; Lorinda Bullington; Noah Fierer; Peter G. Kennedy; Jonathan Leff; Angela D. Luis,Nature Communications,2021,10.1038/s41467-021-23605-y,"Ecosystems across the globe receive elevated inputs of nutrients, but the consequences of this for soil fungal guilds that mediate key ecosystem functions remain unclear. We find that nitrogen and phosphorus addition to 25 grasslands distributed across four continents promotes the relative abundance of fungal pathogens, suppresses mutualists, but does not affect saprotrophs. Structural equation models suggest that responses are often indirect and primarily mediated by nutrient-induced shifts in plant communities. Nutrient addition also reduces co-occurrences within and among fungal guilds, which could have important consequences for belowground interactions. Focusing only on plots that received no nutrient addition, soil properties influence pathogen abundance globally, whereas plant community characteristics influence mutualists, and climate influence saprotrophs. We show consistent, guild-level responses that enhance our ability to predict shifts in soil function related to anthropogenic eutrophication, which can have longer-term consequences for plant communities.",氮添加/氮沉降
"Linking microbial communities, functional genes and nitrogen-cycling processes in forest floors under four tree species",Relena R. Ribbons; David J. Levy-Booth; Jacynthe Masse; Sue J. Grayston; Morag A. McDonald; Lars Vesterdal; Cindy E. Prescott,Soil Biology and Biochemistry,2016,10.1016/j.soilbio.2016.07.024,,宏基因组/功能基因
"Simultaneously enhanced autotrophic–heterotrophic denitrification in iron-based ecological floating bed by plant biomass: Metagenomics insights into microbial communities, functional genes and nitrogen metabolic pathways",Yuanyuan Peng; Xushun Gu; Manping Zhang; Pan Yan; Shanshan Sun; Shengbing He,Water Research,2023,10.1016/j.watres.2023.120868,,宏基因组/功能基因；氮循环过程
[Effects of Different Forms of Nitrogen Addition on Soil Physical and Chemical Properties and Microbial Community Structure of Perennial Alpine Cultivated Grassland].,Yongshang Tong; Chunping Zhang; Quanmin Dong; Zengzeng Yang; Xiaofang Zhang; Lian Huo; Quan Cao; Z.H. Zhang,PubMed,2024,10.13227/j.hjkx.202307216,"-N content, AN content, and TC content. Exogenous nitrogen input changed the structure of soil bacterial and fungal communities, as well as the relative abundance of dominant phyla and genera, but it did not significantly affect the alpha diversity of bacterial and fungal communities. Principal coordinate analysis (PCoA) showed that different forms of nitrogen addition had a significant impact on the Beta diversity of bacterial communities, whereas the impact on fungal communities was not significant. Redundancy analysis (RDA) indicated that nitrogen addition mainly changed the composition and structure of microbial communities through soil ammonium nitrogen. Overall, ammonium nitrogen fertilizer should be given priority in the soil remediation process of perennial cultivated grasslands in the Qinghai Tibet Plateau.",氮添加/氮沉降；微生物群落
Impact of salinity on nitrogen cycling and microbial community functional potential in groundwater of the Yellow river delta,Huan Wang; Chuanshun Zhi; Yufei Jiao; Dan Xu; Wenfeng Gao; Yawei Kou; Xiancang Wu; Jing Bai,Applied Geochemistry,2025,10.1016/j.apgeochem.2025.106669,,滨海湿地/盐沼；微生物群落
Plant-induced nutrient enrichment alters microbial carbon cycling gene expression in Pb–Zn contaminated rhizospheres,Caili Sun; Yongwei Liu; Yajuan Yao; Xiaoyu Lu,Plant and Soil,2025,10.1007/s11104-025-07804-w,,背景文献
Ecological memory of recurrent drought modifies soil processes via changes in soil microbial community,Alberto Canarini; Hannes Schmidt; Lucia Fuchslueger; Victoria Martin; Craig W. Herbold; David Zezula; Philipp Gündler; Roland Hasibeder,Nature Communications,2021,10.1038/s41467-021-25675-4,"Climate change is altering the frequency and severity of drought events. Recent evidence indicates that drought may produce legacy effects on soil microbial communities. However, it is unclear whether precedent drought events lead to ecological memory formation, i.e., the capacity of past events to influence current ecosystem response trajectories. Here, we utilize a long-term field experiment in a mountain grassland in central Austria with an experimental layout comparing 10 years of recurrent drought events to a single drought event and ambient conditions. We show that recurrent droughts increase the dissimilarity of microbial communities compared to control and single drought events, and enhance soil multifunctionality during drought (calculated via measurements of potential enzymatic activities, soil nutrients, microbial biomass stoichiometry and belowground net primary productivity). Our results indicate that soil microbial community composition changes in concert with its functioning, with consequences for soil processes. The formation of ecological memory in soil under recurrent drought may enhance the resilience of ecosystem functioning against future drought events.",微生物群落
Nitrogen enrichment stimulates rhizosphere multi-element cycling genes via mediating plant biomass and root exudates,Lirong Liao; Jie Wang; Feike A. Dijkstra; Shilong Lei; Lu Zhang; Xiaojun Wang; Guobin Liu; Chao Zhang,Soil Biology and Biochemistry,2024,10.1016/j.soilbio.2023.109306,,氮添加/氮沉降
Metagenomic insights into nitrite accumulation in sulfur-based denitrification systems utilizing different electron donors: Functional microbial communities and metabolic mechanisms,Jiahui Wang; Fangzhai Zhang; Zhaozhi Wang; Haoran Liang; Ziyi Du; Yujing Zhang; Hongying Lü; Yongzhen Peng,Water Research,2024,10.1016/j.watres.2024.122805,,宏基因组/功能基因；氮循环过程
"Photo-oxidation of Micro- and Nanoplastics: Physical, Chemical, and Biological Effects in Environments",Yanghui Xu; Qin Ou; Jan Peter van der Hoek; Gang Liu; Kim Maren Lompe,Environmental Science & Technology,2024,10.1021/acs.est.3c07035,"Micro- and nanoplastics (MNPs) are attracting increasing attention due to their persistence and potential ecological risks. This review critically summarizes the effects of photo-oxidation on the physical, chemical, and biological behaviors of MNPs in aquatic and terrestrial environments. The core of this paper explores how photo-oxidation-induced surface property changes in MNPs affect their adsorption toward contaminants, the stability and mobility of MNPs in water and porous media, as well as the transport of pollutants such as organic pollutants (OPs) and heavy metals (HMs). It then reviews the photochemical processes of MNPs with coexisting constituents, highlighting critical factors affecting the photo-oxidation of MNPs, and the contribution of MNPs to the phototransformation of other contaminants. The distinct biological effects and mechanism of aged MNPs are pointed out, in terms of the toxicity to aquatic organisms, biofilm formation, planktonic microbial growth, and soil and sediment microbial community and function. Furthermore, the research gaps and perspectives are put forward, regarding the underlying interaction mechanisms of MNPs with coexisting natural constituents and pollutants under photo-oxidation conditions, the combined effects of photo-oxidation and natural constituents on the fate of MNPs, and the microbiological effect of photoaged MNPs, especially the biotransformation of pollutants.",微生物群落
Effects of Spartina alterniflora invasion on the community structure and diversity of wetland soil bacteria in the Yellow River Delta,Shuai Shang; Shunxin Hu; Xiaoxue Liu; Yu Zang; Jun Chen; Ning Gao; Liangyu Li; Jun Wang,Ecology and Evolution,2022,10.1002/ece3.8905,"Abstract The exotic plant Spartina alterniflora is expanding rapidly along China's coast regions, seriously threatening native ecosystems. Soil bacteria are important for biogeochemical cycles, including those of carbon, nitrogen, and sulfur, in wetland ecosystems. There is growing evidence that microorganisms are important in case of plant invasion. In the present study, we studied the interlacing area of S . alterniflora and Suaeda heteroptera , selected soil of invaded and non‐invaded regions and explored the effect of the composition and diversity of bacterial communities in coastal wetlands. The bacterial community composition of invasive and noninvasive areas was subjected to high‐throughput sequencing. In the five areas tested, the main bacterial phyla were Proteobacteria, Bacteroides, and Acidobacteria; the richness of the bacterial community in the soil increased after S . alterniflora invasion, most changes occurred at the genus level. The relative abundances of Desulfobulbus and Sulfurovum were higher in invasive areas than in noninvaded areas. PCA, RDA, and LEfSe analyses found that the S . alterniflora invasion significantly influenced the bacterial community and physicochemical properties of wetland soil. In conclusion, soil microbial community composition was tightly associated with S . alterniflora invasion. This study provide an important scientific basis for further research on the invasion mechanism of S . alterniflora .",滨海湿地/盐沼；湿地植被/盐生植物；微生物群落
Contrasting effects of warming and N deposition on soil microbial functional genes in a subtropical forest,Qiufang Zhang; Jiacong Zhou; Xiaojie Li; Yong Zheng; Lin Xie; Zhijie Yang; Xiaofei Liu; Chao Xu,Geoderma,2021,10.1016/j.geoderma.2021.115588,,宏基因组/功能基因
"[Functional Genes and Metabolic Pathways of Nitrogen Metabolism Microorganisms in Lake Sediments：A Case Study of Hongfeng Lake, Guizhou Province].",Qian Liu; X. Chen; Yancheng Li; Yuhang He; Jiang Li,Huan jing ke xue= Huanjing kexue,2024,10.13227/j.hjkx.202310134,,宏基因组/功能基因；微生物群落
Responses of functional genes involved in nitrogen cycling to green manuring in different paddy soils in south China,Shun Li; Hai Liang; Yun Wang; Zihan Zhang; Lei Zhang; Guopeng Zhou; Songjuan Gao; Weidong Cao,Plant and Soil,2022,10.1007/s11104-022-05491-5,,宏基因组/功能基因
Water Level Has Higher Influence on Soil Organic Carbon and Microbial Community in Poyang Lake Wetland Than Vegetation Type,Qiong Ren; Jihong Yuan; Jinping Wang; Xin Liu; Shilin Ma; Zhou Liyin; Lujun Miao; Jinchi Zhang,Microorganisms,2022,10.3390/microorganisms10010131,"Although microorganisms play a key role in the carbon cycle of the Poyang Lake wetland, the relationship between soil microbial community structure and organic carbon characteristics is unknown. Herein, high-throughput sequencing technology was used to explore the effects of water level (low and high levels above the water table) and vegetation types (Persicaria hydropiper and Triarrhena lutarioriparia) on microbial community characteristics in the Poyang Lake wetland, and the relationships between soil microbial and organic carbon characteristics were revealed. The results showed that water level had a significant effect on organic carbon characteristics, and that soil total nitrogen, organic carbon, recombinant organic carbon, particle organic carbon, and microbial biomass carbon were higher at low levels above the water table. A positive correlation was noted between soil water content and organic carbon characteristics. Water level and vegetation type significantly affected soil bacterial and fungal diversity, with water level exerting a higher effect than vegetation type. The impacts of water level and vegetation type were higher on fungi than on bacteria. The bacterial diversity and evenness were significantly higher at high levels above the water table, whereas an opposite trend was noted among fungi. The bacterial and fungal richness in T. lutarioriparia community soil was higher than that in P. hydropiper community soil. Although both water level and vegetation type had significant effects on bacterial and fungal community structures, the water level had a higher impact than vegetation type. The bacterial and fungal community changes were the opposite at different water levels but remained the same in different vegetation soils. The organic carbon characteristics of wetland soil were negatively correlated with bacterial diversity but positively correlated with fungal diversity. Soil water content, soluble organic carbon, C/N, and microbial biomass carbon were the key soil factors affecting the wetland microbial community. Acidobacteria, Alphaproteobacteria, Verrucomicrobia, Gammaproteobacteria, and Eurotiomycetes were the key microbiota affecting the soil carbon cycle in the Poyang Lake wetland. Thus, water and carbon sources were the limiting factors for bacteria and fungi in wetlands with low soil water content (30%). Hence, the results provided a theoretical basis for understanding the microbial-driven mechanism of the wetland carbon cycle.",滨海湿地/盐沼；微生物群落
Effects of nitrile compounds on the structure and function of soil microbial communities as revealed by metagenomes,Ting Gao; Yiwang Wang; Jin-long Lai; Fuli Wang; Ge Yao; Shaoheng Bao; Jiajia Liu; Xiukun Wan,Environmental Research,2024,10.1016/j.envres.2024.119700,,背景文献
Shifts in Microbial Community Structure and Co-occurrence Network along a Wide Soil Salinity Gradient,Li Yan; Juan Wang; Eryang Li; Xiaodong Yang; Jianjun Yang,Microorganisms,2024,10.3390/microorganisms12071268,"The response of microbiomes to salinity has been clarified in different geographic scales or ecosystems. However, how soil microbial community structure and interaction respond to salinity across wide salinity range and climatic region is still unclearly resolved. To address this issue, we examined the microbial community's composition in saline soils from two climatic regions (coastal wetland and arid desert). Our research confirms that soil salinity had a negative effect on soil nutrient content. Salinity decreased the relative abundance of bacteria, but increased archaea abundance, leading to the shifts from bacteria dominant community to archaea dominant community. Low-water medium-salinity soil (LWMS) had the most complex archaeal community network, whereas for bacteria, the most complex bacterial community network was observed in low-water high-salinity soils (LWHS). Key microbial taxa differed in three salinity gradients. Salinity, soil water content, pH, total nitrogen (TN), and soil organic carbon (SOC) were the main driving factors for the composition of archaeal and bacterial community. Salinity directly affected archaeal community, but indirectly influenced bacteria community through SOC; pH affected archaeal community indirectly through TN, but directly affected bacterial community. Our study suggests that soil salinity dramatically influences diversity, composition, and interactions within the microbial community.",滨海湿地/盐沼；微生物群落
"The short-term effect of simulated acid rain and nitrogen deposition on the soil microbial functional profile targeting C, N, and P cycling",Chong Li; Yong Ding; Shuifeng Zhang; Meiling Chen; Yuhao Wang; Zhaohui Jia; Shilin Ma; Jinchi Zhang,Applied Soil Ecology,2024,10.1016/j.apsoil.2024.105327,,氮添加/氮沉降
Metagenomics reveals N-induced changes in carbon-degrading genes and microbial communities of tea (Camellia sinensis L.) plantation soil under long-term fertilization,Xiangde Yang; Kang Ni; Yuanzhi Shi; Xiaoyun Yi; Lingfei Ji; Sirou Wei; Yanyan Jiang; Yongli Zhang,The Science of The Total Environment,2022,10.1016/j.scitotenv.2022.159231,,宏基因组/功能基因；氮添加/氮沉降
Responses of the rhizosphere microbiome to long-term nitrogen addition in a boreal forest,Yulei Fu; Guoyong Yan; Guancheng Liu; Binbin Huang; Xingyu Sun; Xiaochun Wang; Yajuan Xing; Qinggui Wang,Canadian Journal of Forest Research,2022,10.1139/cjfr-2022-0001,"As the interface between plants and soil, the response of the rhizosphere to nitrogen deposition is particularly important. The rhizosphere responses to nitrogen deposition are not consistent. Here, four levels of nitrogen addition treatments were applied in boreal forests of China for 8 years: control, low nitrogen, medium nitrogen, and high nitrogen. We analyzed the soil properties and microbial communities of rhizosphere and bulk soils under different nitrogen application levels and assessed the relationship between the main species and environmental factors. The results showed that long-term nitrogen addition significantly reduced the content of total carbon in the soil and increased the soil microbial biomass nitrogen in the rhizosphere. The total carbon content in the rhizosphere under high nitrogen was 40.79 g·kg −1 , which was significantly lower than that in the control (51.82 g·kg −1 ). The diversity of the rhizosphere and bulk soil fungal communities had different significant responses to nitrogen addition. Some specific microbial taxa could be used as rhizosphere bacterial biomarkers under different nitrogen treatments. The soil microbial biomass nitrogen was the significant environmental variable affecting bacterial species variation in the rhizosphere. Nitrogen addition will change the diversity of the rhizosphere microbial community by changing soil microenvironmental factors.",氮添加/氮沉降；微生物群落
Environmental Filtering by pH and Salinity Jointly Drives Prokaryotic Community Assembly in Coastal Wetland Sediments,Yu Huang; Qiuping Zhong; Yisheng Peng; Xiafei Zheng; Fanshu Xiao; Bo Wu; Xiaoli Yu; Zhiwen Luo,Frontiers in Marine Science,2022,10.3389/fmars.2021.792294,"Understanding the microbial community assembly is an essential topic in microbial ecology. Coastal wetlands are an important blue carbon sink, where microbes play a key role in biogeochemical cycling of nutrients and energy transformation. However, the drivers controlling the distribution patterns and assembly of bacterial and archaeal communities in coastal wetland are unclear. Here we examined the diversity, co-occurrence network, assembly processes and environmental drivers of bacterial and archaeal communities from inshore to offshore sediments by the sequencing of 16S rRNA gene amplicons. The value of α- and β-diversity of bacterial and archaeal communities generally did not change significantly ( P > 0.05) between offshore sites, but changed significantly ( P < 0.05) among inshore sites. Sediment pH and salinity showed significant effects on the diversity and keystone taxa of bacterial and archaeal communities. The bacterial and archaeal co-occurrence networks were inextricably linked with pH and salinity to formed the large network nodes, suggesting that they were the key factors to drive the prokaryotic community. We also identified that heterogeneous and homogeneous selection drove the bacterial and archaeal community assembly, while the two selections became weaker from offshore sites to inshore sites, suggesting that deterministic processes were more important in offshore sites. Overall, these results suggested that the environmental filtering of pH and salinity jointly governed the assembly of prokaryotic community in offshore sediments. This study advances our understanding of microbial community assembly in coastal wetland ecosystems.",滨海湿地/盐沼；微生物群落
Metagenomics reveals functional profiles of soil nitrogen and phosphorus cycling under different amendments in saline-alkali soil,Xiaolong Bai; Jinmin Wu; Bangyan Zhang; Hui Zhao; Feng Tian; Bin Wang,Environmental Research,2024,10.1016/j.envres.2024.120686,,宏基因组/功能基因
The influence of wet-to-dry season shifts on the microbial community stability and nitrogen cycle in the Poyang Lake sediment,Jiaxun Guo; Xu Wang; Xiaofeng Cao; Weixiao Qi; Jianfeng Peng; Huijuan Liu; Jiuhui Qu,The Science of The Total Environment,2023,10.1016/j.scitotenv.2023.166036,,微生物群落
Nonlinear response of soil microbial network complexity to long-term nitrogen addition in a semiarid grassland: Implications for soil carbon processes,Yaodan Zhang; Decao Niu; Qingwei Li; Huiying Liu; Ying Wang; Jingrun Xu; Baoming Du; Ding Guo,Agriculture Ecosystems & Environment,2024,10.1016/j.agee.2024.109407,,氮添加/氮沉降
Restoring wetlands on intensive agricultural lands modifies nitrogen cycling microbial communities and reduces N2O production potential,Kuno Kasak; Mikk Espenberg; Tyler L. Anthony; Susannah G. Tringe; Alex Valach; Kyle S. Hemes; Whendee L. Silver; Ülo Mander,Journal of Environmental Management,2021,10.1016/j.jenvman.2021.113562,,滨海湿地/盐沼
Microbial functional genes play crucial roles in enhancing soil nutrient availability of halophyte rhizospheres in salinized grasslands,Meng Liang; Yang Wu; Yaokun Jiang; Ziwen Zhao; Jinqiu Yang; Guobin Liu; Sha Xue,The Science of The Total Environment,2024,10.1016/j.scitotenv.2024.178160,,宏基因组/功能基因；湿地植被/盐生植物
Effects of short-term nitrogen and phosphorus addition on soil bacterial community of different halophytes,Zehao Zhang; Lijie Wang; Tian Li; Zhanyong Fu; Jingkuan Sun; Rui Hu; Yao Zhang,mSphere,2024,10.1128/msphere.00226-24,"ABSTRACT Soil microbial community composition and diversity are often affected by nutrient enrichment, which may influence soil microbes to affect nutrient cycling and plant community structure. However, the response of soil bacteria to nitrogen (N) and phosphorus (P) addition and whether it is influenced by plants remains unclear. By 16S rRNA sequencing, we investigated the response of the rhizosphere and bulk soil bacterial communities of different halophytes (salt-rejecting, salt-absorbing, and salt-secreting plant) in the Yellow River Delta to short-term N and P addition. The response of rhizosphere bacterial diversity to N and P addition was opposite in Phragmites communis and Suaeda salsa . N addition increased the rhizosphere soil bacterial α-diversity of S. salsa and Aeluropus sinensis , while P addition decreased the rhizosphere bacterial α-diversity bacteria of S. salsa . The N and P addition had a weak effect on the rhizosphere bacterial community composition and a significant effect on the bulk soil bacterial community composition of halophytes. The S. salsa and P. communis bulk soil bacterial community were mainly influenced by P addition, while it was influenced by N addition in A. sinensis . N and P addition reduced the difference in bacterial community composition between the two types of soil. N and P addition increased the eutrophic taxa ( Proteobacteria and Bacteroidetes ) and decreased the oligotrophic taxa ( Acidobacteria ). Redundancy analysis showed that soil organic matter, salt, and total N content had significant effects on the bacterial community composition. The results clarify that the response of soil bacterial communities to N and P additions is inconsistent across the three halophyte soils, and the effect of plant species on the bacterial community was stronger than short-term N and P addition. IMPORTANCE The bulk soil bacterial community was more affected by nutrient addition. Nitrogen (N) and phosphorus (P) have different effects on bacterial community. Soil organic matter is a key factor influencing the response of bacterial community to nutrient addition. N and P influence on bacterial community changes with plants.",滨海湿地/盐沼；湿地植被/盐生植物；微生物群落
Crab bioturbation alters nitrogen cycling and promotes nitrous oxide emission in intertidal wetlands: Influence and microbial mechanism,Zhirui An; Dengzhou Gao; Feiyang Chen; Li Wu; Jie Zhou; Zongxiao Zhang; Hongpo Dong; Guoyu Yin,The Science of The Total Environment,2021,10.1016/j.scitotenv.2021.149176,,滨海湿地/盐沼
Changes in the population and functional profile of bacteria and fungi in the rhizosphere of Suaeda salsa is driven by invasion of Spartina alterniflora,Chengfeng Yu; Jicheng Cao; Wen Du; Zhiyong Zhu; Min Xu,Ecological Indicators,2022,10.1016/j.ecolind.2022.109516,"Changes in rhizosphere microbial populations and their functions in response to Spartina alterniflora root invasion could potentially reveal part of the mechanism of Suaeda salsa degradation. In this study, rhizosphere soils were collected from regions where S. alterniflora (SA) and S. salsa (SS) grew independently as well as rhizosphere soil from mixed growth regions (namely MSA and MSS) before applying high-throughput sequencing technology to study the characteristics of microbial communities. The results showed that the physicochemical properties of the rhizosphere soils were different between the groups of samples. However, based on the multi-factor PERMANOVA analysis, only EC and NO3−-N were found to significantly influence the microbial communities’ composition. Furthermore, α diversity indices and β diversity analyses revealed that the diversity and structure of rhizosphere microbial community changed in varying degrees after invasion. Compared with SS, the most abundant bacteria phylum namely Tenericutes, Firmicutes, Proteobacteria and Actinobacteria in MSS were identified as major species that increased significantly in abundance in response to S. alterniflora root invasion, while the composition of fungal community did not change. Furthermore, PICRUSt analysis revealed that the higher abundance of signal transduction, membrane transport, cell motility and certain disease-related functional pathways of MSA and MSS could be conducive to the colonization and survival of bacterial pathogens. Additionally, the analysis of the FUNGuild database confirmed that a higher proportion of pathotroph and pathogen. This could very likely cause S. salsa to be more susceptible to soil pathogenic fungi in mixed growth region. In contrast, the increase of the saprotroph-symbiotroph could be beneficial for the colonization and expansion of S. alterniflora. This study provides a new perspective for elucidating the driving mechanism by microorganisms behind S. salsa’s degradation following S. alterniflora’s invasion.",湿地植被/盐生植物；微生物群落
"Nitrogen deposition affects microbial functional capacities, including carbon utilization",,,,10.21203/rs.3.rs-2818859/v1,,氮添加/氮沉降
"The mycorrhizal symbiosis: research frontiers in genomics, ecology, and agricultural application",Francis Martin; Marcel G. A. van der Heijden,New Phytologist,2024,10.1111/nph.19541,"Mycorrhizal symbioses between plants and fungi are vital for the soil structure, nutrient cycling, plant diversity, and ecosystem sustainability. More than 250 000 plant species are associated with mycorrhizal fungi. Recent advances in genomics and related approaches have revolutionized our understanding of the biology and ecology of mycorrhizal associations. The genomes of 250+ mycorrhizal fungi have been released and hundreds of genes that play pivotal roles in regulating symbiosis development and metabolism have been characterized. rDNA metabarcoding and metatranscriptomics provide novel insights into the ecological cues driving mycorrhizal communities and functions expressed by these associations, linking genes to ecological traits such as nutrient acquisition and soil organic matter decomposition. Here, we review genomic studies that have revealed genes involved in nutrient uptake and symbiosis development, and discuss adaptations that are fundamental to the evolution of mycorrhizal lifestyles. We also evaluated the ecosystem services provided by mycorrhizal networks and discuss how mycorrhizal symbioses hold promise for sustainable agriculture and forestry by enhancing nutrient acquisition and stress tolerance. Overall, unraveling the intricate dynamics of mycorrhizal symbioses is paramount for promoting ecological sustainability and addressing current pressing environmental concerns. This review ends with major frontiers for further research.",背景文献
Soil N index enhancement by organic fertilizer application depends on aggregate size,Zewen Hei; Jiayu Shao; Rutger A. Wilschut; Yuxuan Niu; Shenglei Hao; Hongyan Zhang; Jan E. Kammenga; Yongliang Chen,Applied Soil Ecology,2025,10.1016/j.apsoil.2025.106166,,背景文献
Effects of Spartina alterniflora Invasion on Soil Microbial Community Structure and Ecological Functions,Minmin Cao; Lina Cui; Huimin Sun; Xiaomian Zhang; Xiang Zheng; Jiang Jiang,Microorganisms,2021,10.3390/microorganisms9010138,"It has been reported that the invasion of Spartina alterniflora changed the soil microbial community in the mangrove ecosystem in China, especially the bacterial community, although the response of soil fungal communities and soil microbial ecological functions to the invasion of Spartina alterniflora remains unclear. In this study, we selected three different communities (i.e., Spartina alterniflora community (SC), Spartina alterniflora–mangrove mixed community (TC), and mangrove community (MC)) in the Zhangjiangkou Mangrove Nature Reserve in China. High-throughput sequencing technology was used to analyze the impact of Spartina alterniflora invasion on mangrove soil microbial communities. Our results indicate that the invasion of Spartina alterniflora does not cause significant changes in microbial diversity, but it can alter the community structure of soil bacteria. The results of the LEfSe (LDA Effect Size) analysis show that the relative abundance of some bacterial taxa is not significantly different between the MC and SC communities, but different changes have occurred during the invasion process (i.e., TC community). Different from the results of the bacterial community, the invasion of Spartina alterniflora only cause a significant increase in few fungal taxa during the invasion process, and these taxa are at some lower levels (such as family, genus, and species) and classified into the phylum Ascomycota. Although the invasion of Spartina alterniflora changes the taxa with certain ecological functions, it may not change the potential ecological functions of soil microorganisms (i.e., the potential metabolic pathways of bacteria, nutritional patterns, and fungal associations). In general, the invasion of Spartina alterniflora changes the community structure of soil microorganisms, but it may not affect the potential ecological functions of soil microorganisms.",湿地植被/盐生植物；微生物群落
"Shifts in Soil Microbial Community Composition, Function, and Co-occurrence Network of Phragmites australis in the Yellow River Delta",Pengcheng Zhu; Shuren Yang; Yuxin Wu; Yuning Ru; Xiaona Yu; Lushan Wang; Weihua Guo,Frontiers in Microbiology,2022,10.3389/fmicb.2022.858125,"Soil microorganisms play vital roles in regulating biogeochemical processes. The composition and function of soil microbial community have been well studied, but little is known about the responses of bacterial and fungal communities to different habitats of the same plant, especially the inter-kingdom co-occurrence pattern including bacteria and fungi. Herein, we used high-throughput sequencing to investigate the bacterial and fungal communities of five Phragmites australis habitats in the Yellow River Delta and constructed their inter-kingdom interaction network by network analysis. The results showed that richness did not differ significantly among habitats for either the bacterial or fungal communities. The distribution of soil bacterial community was significantly affected by soil physicochemical properties, whereas that of the fungal community was not. The main functions of the bacterial and fungal communities were to participate in the degradation of organic matter and element cycling, both of which were significantly affected by soil physicochemical properties. Network analysis revealed that bacteria and fungi participated in the formation of networks through positive interactions; the role of intra-kingdom interactions were more important than inter-kingdom interactions. In addition, rare species acted as keystones played a critical role in maintaining the network structure, while NO 3 − − N likely played an important role in maintaining the network topological properties. Our findings provided insights into the inter-kingdom microbial co-occurrence network and response of the soil microbial community composition and function to different P. australis habitats in coastal wetlands, which will deepen our insights into microbial community assembly in coastal wetlands.",滨海湿地/盐沼；湿地植被/盐生植物；微生物群落
Impact of soil inorganic nitrogen on bacterial phylogeny in estuarine intertidal zones: a study of nitrogen metabolism,Siqi Li; Tianyang Liu; Cheng Liu; Donglei Sun; Yan Qin; Dengzhou Gao; Zongxiao Zhang,Frontiers in Microbiology,2024,10.3389/fmicb.2023.1341564,"Here we investigated the potential impacts of soil inorganic nitrogen (SIN) content on the phylogenetic characteristics and ecological functions of soil bacterial communities in estuarine intertidal zones in China, aiming to comprehend the response mechanism of soil microorganisms to variations in SIN content within estuarine wetlands. Our results show that SIN in estuarine areas has a significant spatiotemporal variation on spatial and seasonal scales, in this study and is significantly associated with the phylogenetic diversity and phylogenetic turnover of soil bacterial communities. In addition, the results of the metagenomic analysis showed that the relative abundance of nitrogen-cycling functional genes in bacterial communities did not differ significantly in sampling sites and seasons, and weakly correlated with SIN content. Further, the results based on structural equation modeling (SEM) analysis showed that SIN directly and significantly regulated the phylogenetic characteristics of bacterial communities, thereby indirectly affecting the potential of bacterial nitrogen metabolism. This study emphasizes the key influence of SIN variations on the phylogenetic dissimilarity in soil bacterial communities. Moreover, although there was a weak direct relationship between the functional characteristics of the bacterial nitrogen metabolism and SIN content, the spatiotemporal variation of bacterial nitrogen metabolic potential may be indirectly regulated by SIN content by influencing the phylogenetic diversity in bacterial communities. Our study unravels the pivotal mechanisms through which SIN content influences bacterial communities, thereby offering novel insights into the microbial intricacies governing nitrogen metabolism within estuaries.",宏基因组/功能基因；滨海湿地/盐沼；微生物群落
"Elevated salinity decreases microbial communities complexity and carbon, nitrogen and phosphorus metabolism in the Songnen Plain wetlands of China",Shouyang Luo; Jiabao Yuan; Yanyu Song; Jiusheng Ren; Qi Jia; Mengyuan Zhu; Yisong Feng; Mengting Li,Water Research,2025,10.1016/j.watres.2025.123285,,滨海湿地/盐沼
"Nitrogen fertilization and irrigation types do not affect the overall N2O production potential of a sandy soil, but the microbial community structure and the quantity of functional genes related to the N cycle",Laura Charlotte Storch; Katharina Schulz; Cornelia Rißmann; Eduardo Cerull; Alexander Plakias; Iris Schlichting; Annette Prochnow; Liliane Rueß,Applied Soil Ecology,2023,10.1016/j.apsoil.2023.105083,,宏基因组/功能基因；氮添加/氮沉降；微生物群落
Metagenomics combined with metabolomics reveals the effect of Enterobacter sp. inoculation on the rhizosphere microenvironment of Bidens pilosa L. in heavy metal contaminated soil,Yi Li; Xinwei Shi; Weilan Tan; Qiujie Ling; Fengmei Pei; Shiyu Luo; Peiqing Qin; Huijian Yuan,Journal of Hazardous Materials,2023,10.1016/j.jhazmat.2023.132033,,宏基因组/功能基因
"Long-term saline water drip irrigation alters soil physicochemical properties, bacterial community structure, and nitrogen transformations in cotton",Xiaowen Guo; Siyao Du; Huijuan Guo; Min Wei,Applied Soil Ecology,2022,10.1016/j.apsoil.2022.104719,,微生物群落
Metagenomic and quantitative insights into microbial communities and functional genes of nitrogen and iron cycling in twelve wastewater treatment systems,Duntao Shu; Yanling He; Hong Yue; Qingyi Wang,Chemical Engineering Journal,2016,10.1016/j.cej.2016.01.024,,宏基因组/功能基因
Spatial distribution of soil iron across different plant communities along a hydrological gradient in the Yellow River Estuary wetland,Xue Liu; Dandan Sun; Jifa Qin; Jiapeng Zhang; Yunfei Yang; Jisong Yang; Zhikang Wang; Di Zhou,Frontiers in Ecology and Evolution,2022,10.3389/fevo.2022.979194,"Iron is an important element and its biogeochemical processes are vital to the matter and energy cycles of wetland ecosystems. Hydrology greatly controls characteristics of soil property and plant community in wetlands, which can regulate the behavior of iron and its oxides. However, it remains unclear how the spatial distribution of iron and its forms in estuarine wetlands responses to hydrological conditions. Five typical plant communities along a naturally hydrological gradient in the Yellow River Estuary wetland, including Phragmites australis in freshwater marsh (FPA), Phragmites australis in salt marsh (SPA), Tamarix chinensis in salt marsh (TC), Suaeda salsa in salt marsh (SS) and Spartina alterniflora in salt marsh (SA), as sites to collect soil samples. The total iron (Fe T ) and three iron oxides (complexed iron, Fe p ; amorphous iron, Fe o ; free iron, Fe d ) in samples were determined to clarify the spatial distribution of iron and explore its impact factors. The mean contents of Fe T , Fe p , Fe o and Fe d were 28079.4, 152.0, 617.2 and 8285.3 mg⋅kg –1 of soil at 0–40 cm depth in the different sites, respectively. The means were significantly different across communities along the hydrological gradient, with the higher values for SA on the upper intertidal zone and for SPA on the lower intertidal zone, respectively. Iron and its forms were positively correlated with the total organic carbon (TOC), dissolved organic carbon (DOC), total nitrogen (TN) and clay, and negatively correlated with electrical conductivity (EC). The indexes of iron oxides (Fe p /Fe d , Fe o /Fe d and Fe d /Fe T ) were also different across communities, with a higher value for SA, which were positively correlated with soil water content (WC) and TOC. The results indicate that a variety of plant community and soil property derived from the difference of hydrology might result in a spatial heterogeneity of iron in estuarine wetlands.",滨海湿地/盐沼；湿地植被/盐生植物
Divergent responses of soil microbial functional groups to long-term high nitrogen presence in the tropical forests,Weibin Chen; Fanglong Su; Yanxia Nie; Buqing Zhong; Yong Zheng; Jiangming Mo; Binghong Xiong; X. L. Lu,The Science of The Total Environment,2022,10.1016/j.scitotenv.2022.153251,,背景文献
Impacts of Spartina alterniflora invasion on C-cycling functional genes and microbial communities in salt marsh wetlands during cold season,Xiaoling Zhang; Bin Ma; Qian Zhang; Qingjun Wang; Xiaodong Yang; Junxiang Fei; Shihong Zhang; Fan Zhang,Ecological Processes,2025,10.1186/s13717-025-00592-2,,宏基因组/功能基因；滨海湿地/盐沼；湿地植被/盐生植物
"Effect of flumetsulam alone and coexistence with polyethylene microplastics on soil microbial carbon and nitrogen cycles: Elucidation of bacterial community structure, functional gene expression, and enzyme activity",Jingwen Zhang; Zongyuan Xiao; Dengtan Li; Xiaole Wang; Chengbo Lu; Zhongkun Du; Bing Li; Jinhua Wang,Journal of Hazardous Materials,2023,10.1016/j.jhazmat.2023.132367,,宏基因组/功能基因；微生物群落
"Structure and functional genes associated with carbon, nitrogen, phosphorus, and sulfur cycling processes in periphyton: A comparison between natural and artificial rivers",Yulu Tian; Jiezhang Mo; Jiaxin Liu; Chenghao Li; Jiahua Guo,River,2026,10.1002/rvr2.70044,"Periphyton in aquatic ecosystems plays vital roles in the elemental cycle process and is vulnerable to anthropogenic interference. However, few studies have explored the elemental cycles of carbon (C), nitrogen (N), phosphorus (P), and sulfur (S) in the natural and artificial rivers using functional genes and microbial interactions in periphyton. In this study, the DNA metabarcoding and the quantitative microbial element cycling smart chip were employed to investigate the differences in the microbial‐mediated CNPS cycling processes between the Feng and Zao Rivers, representing natural and artificial rivers, respectively. Compared with the more C‐fixation (7.55 × 10 4 ± 2.12 × 10 4 copies/ng) and nitrification (4.75 × 10 3 ± 2.95 × 10 3 copies/ng) gene abundance in the artificial river, the C‐degradation (2.98 × 10 4 ± 1.31 × 10 4 copies/ng), denitrification (3.62 × 10 4 ± 7.25 × 10 3 copies/ng), and S‐reduction (6.66 × 10 3 ± 4.26 × 10 3 copies/ng) gene abundance were more in the natural river. In the natural river, the low levels of TN (5.37 ± 0.40 mg/L), DO (3.27 ± 0.32 mg/L), NH 4 + (0.05 ± 0.05 mg/L), and NO 3 − (4.36 ± 0.88 mg/L) could support C‐degradation, denitrification, and S‐reduction. Conversely, higher NO 3 − levels (8.47 ± 2.13 mg/L) promoted nitrification in the artificial river. Moreover, more bacterial genera were involved in the CNPS cycling in the artificial river, whereas the bacterial‐algal relationship was more complex in the natural river. This study could provide insights into the biodiversity and ecological functions of periphyton in different river types.",宏基因组/功能基因；氮循环过程
Different microbial functional traits drive bulk and rhizosphere soil phosphorus mobilization in an alpine meadow after nitrogen input,Bing Han; Yicheng He; Ji Chen; Yufei Wang; Lina Shi; Zhenrong Lin; Lu Yu; Xiaoting Wei,The Science of The Total Environment,2024,10.1016/j.scitotenv.2024.172904,,背景文献
"Biodegradable PBAT microplastics adversely affect pakchoi (Brassica chinensis L.) growth and the rhizosphere ecology: Focusing on rhizosphere microbial community composition, element metabolic potential, and root exudates",Yujuan Han; Ying Teng; Xiao Wang; Dan Wen; Peixin Gao; Yan Dong; Ning Yang,The Science of The Total Environment,2023,10.1016/j.scitotenv.2023.169048,,微生物群落
Responses of Soil Microbiota to Different Control Methods of the Spartina alterniflora in the Yellow River Delta,Liangyu Li; Xiangyang Jiang; Quanli Zhou; Jun Chen; Yu Zang; Zaiwang Zhang; Gao Chen; Xuexi Tang,Microorganisms,2022,10.3390/microorganisms10061122,"Spartina alterniflora invasion has negative effects on the structure and functioning of coastal wetland ecosystems. Therefore, many methods for controlling S. alterniflora invasion have been developed. S. alterniflora control methods can affect plant community, which results in changes in microbial communities and subsequent changes in soil ecological processes. However, the effects of controlling S. alterniflora on soil microbial communities remain poorly understood. We aimed to examine the responses of bacterial and fungal communities to invasion control methods (cutting plus tilling treatment: CT; mechanical rolling treatment: MR). Soil bacterial and fungal community diversity and composition structure were assessed using high-throughput sequencing technology. The findings of the study showed that bacterial diversity and richness in the CT treatment reduced substantially, but fungal diversity and richness did not show any remarkable change. Bacterial and fungal diversity and richness in the MR treatment were not affected considerably. In addition, the two control methods significantly changed the soil microbial community structure. The relative abundance of bacteria negatively associated with nutrient cycling increased considerably in the CT treatment. The considerable increases in the relative abundance of certain bacterial taxa in the MR treatment may promote soil nutrient cycling. Compared with mechanical rolling, soil bacterial community diversity and structure were more sensitive to cutting plus tilling.",滨海湿地/盐沼；湿地植被/盐生植物；微生物群落
"Microplastics as carriers of toxic pollutants: Source, transport, and toxicological effects",Nazifa Rafa; Bushra Ahmed; Fatema Tuj Zohora; Jannatul Bakya; Samiya Ahmed; Shams Forruque Ahmed; M. Mofijur; Ashfaque Ahmed Chowdhury,Environmental Pollution,2023,10.1016/j.envpol.2023.123190,,背景文献
Distinct influence of conventional and biodegradable microplastics on microbe-driving nitrogen cycling processes in soils and plastispheres as evaluated by metagenomic analysis,Xiaojing Hu; Haidong Gu; Xiangxin Sun; Yongbin Wang; Junjie Liu; Zhenhua Yu; Yansheng Li; Jian Jin,Journal of Hazardous Materials,2023,10.1016/j.jhazmat.2023.131097,,宏基因组/功能基因
Response of the nosZ-type denitrifying microbial community and metabolic characteristics to precipitation changes in the alpine wetland,Ni Zhang; Hongchen Jiang; Zhiyun Zhou; Yijun Wang; Desheng Qi; Shijia Zhou; Jing Ma; Kelong Chen,Frontiers in Microbiology,2025,10.3389/fmicb.2025.1581432,"The impact of climate change on the global hydrological cycle is becoming increasingly significant, with changes in precipitation patterns emerging as a key factor influencing the carbon and nitrogen cycling processes in alpine wetland ecosystems. However, the response of the nosZ-type denitrifying microbial community and its metabolic characteristics in the source wetland to precipitation changes remains unclear. In this study, high-throughput sequencing of the nosZ gene and LC-MS-based metabolomics were used to investigate the response of the nosZ-type denitrifying microbial community and its metabolic characteristics to precipitation changes (4 years) in the source wetland of Qinghai Lake. The results showed that Microvirga was the key bacterial group in the source wetland of Qinghai Lake, and Azospirillum was sensitive to changes in precipitation (P < 0.05). The 50% rainfall enhancement treatment significantly increased soil moisture, and the total carbon content showed an increasing trend with the increase in precipitation (P < 0.05). pH was the most important explanatory factor for community structure, while total nitrogen content was the key explanatory factor for community diversity. Deterministic processes dominated the assemblage of the nosZ-type denitrifying microbial community in the source wetland of Qinghai Lake. Soil metabolomics analysis showed that the differential metabolites in the Source Wetland mostly exhibited significant positive correlations. Precipitation changes significantly affected the relative abundance of N-Acetylaspartic acid. In summary, lower precipitation is more favorable for maintaining carbon storage in the source wetlands of Qinghai Lake. Precipitation variation disrupted the existing nitrogen balance within the ecosystem and altered the structure of the nosZ-type denitrifying microbial community and soil metabolic characteristics. These findings imply that climate change-driven shifts in precipitation patterns may impact carbon and nitrogen dynamics in alpine wetlands, alter ecosystem stability, and have profound effects on microbial communities and biogeochemical cycles.",滨海湿地/盐沼；微生物群落
Long-term nitrogen addition increases denitrification potential and functional gene abundance and changes denitrifying communities in acidic tea plantation soil,Xiangde Yang; Sheng Tang; Kang Ni; Yuanzhi Shi; Xiaoyun Yi; Qingxu Ma; Yanjiang Cai; Lifeng Ma,Environmental Research,2022,10.1016/j.envres.2022.114679,,宏基因组/功能基因；氮添加/氮沉降；氮循环过程
Characteristics of microbial phosphorus cycling in Phyllostachys praecox forest soils supplemented with the phosphate-solubilizing bacterium Pseudomonas sp. OP1 revealed by metagenomics,Yuwen Peng; Zhiyuan Huang; Fangyuan Bian; Zhizhuang Wu; Zheke Zhong; Xiaoping Zhang,Journal of Environmental Management,2025,10.1016/j.jenvman.2025.127363,,宏基因组/功能基因
The Microbiomes in Lichen and Moss Biocrust Contribute Differently to Carbon and Nitrogen Cycles in Arid Ecosystems,Chang Fu Tian; Jingwen Pang; Chongfeng Bu; Shufang Wu; Hao Bai; Yahong Li; Qi Guo; Kadambot H. M. Siddique,Microbial Ecology,2022,10.1007/s00248-022-02077-7,,微生物群落
Comprehensive metagenomic and enzyme activity analysis reveals the negatively influential and potentially toxic mechanism of polystyrene nanoparticles on nitrogen transformation in constructed wetlands,Yixuan Ma; Juan Huang; Tingwei Han; Chunni Yan; Chong Cao; Meifang Cao,Water Research,2021,10.1016/j.watres.2021.117420,,宏基因组/功能基因；滨海湿地/盐沼
Responses of sediment nitrogen forms and bacterial communities to different aquatic nitrogen conditions in three submerged macrophyte-type ecological treatment systems,Xinyan Zhou; Tiehan Cheng; Jiaming Yu; Mengting Sheng; Xuelian Ma; Yucheng Cao,Environmental Research,2023,10.1016/j.envres.2023.116322,,背景文献
Microplastics increase the microbial functional potential of greenhouse gas emissions and water pollution in a freshwater lake: A metagenomic study,Tianyu Zhuo; Kehong Yu; Beibei Chai; Qingfeng Tang; Xia Gao; Jiamin Wang; Lixin He; Xiaohui Lei,Environmental Research,2024,10.1016/j.envres.2024.119250,,宏基因组/功能基因
Function and distribution of nitrogen-cycling microbial communities in the Napahai plateau wetland,Yanmei Li; Lingling Xiong; Hang Yu; Kun Zeng; Yunlin Wei; Haiyan Li; Weikun Zeng; Xiuling Ji,Archives of Microbiology,2023,10.1007/s00203-023-03695-6,,滨海湿地/盐沼
Soil properties and microbial functional attributes drive the response of soil multifunctionality to long-term fertilization management,Duo Ying; Xiaolong Chen; Junfeng Hou; Fucheng Zhao; Peng Li,Applied Soil Ecology,2023,10.1016/j.apsoil.2023.105095,,氮添加/氮沉降
Structure and function of the soil microbiome underlying N2O emissions from global wetlands,Mohammad Bahram; Mikk Espenberg; Jaan Pärn; Laura E. Lehtovirta‐Morley; Sten Anslan; Kuno Kasak; Urmas Kõljalg; Jaan Liira,Nature Communications,2022,10.1038/s41467-022-29161-3,"Abstract Wetland soils are the greatest source of nitrous oxide (N 2 O), a critical greenhouse gas and ozone depleter released by microbes. Yet, microbial players and processes underlying the N 2 O emissions from wetland soils are poorly understood. Using in situ N 2 O measurements and by determining the structure and potential functional of microbial communities in 645 wetland soil samples globally, we examined the potential role of archaea, bacteria, and fungi in nitrogen (N) cycling and N 2 O emissions. We show that N 2 O emissions are higher in drained and warm wetland soils, and are correlated with functional diversity of microbes. We further provide evidence that despite their much lower abundance compared to bacteria, nitrifying archaeal abundance is a key factor explaining N 2 O emissions from wetland soils globally. Our data suggest that ongoing global warming and intensifying environmental change may boost archaeal nitrifiers, collectively transforming wetland soils to a greater source of N 2 O.",滨海湿地/盐沼；微生物群落
"Effects of microplastics and nitrogen deposition on soil multifunctionality, particularly C and N cycling",Shuwu Zhang; Lei Pei; Yanxin Zhao; Jun Shan; Xuebo Zheng; Guangjian Xu; Yuhuan Sun; Fayuan Wang,Journal of Hazardous Materials,2023,10.1016/j.jhazmat.2023.131152,,氮添加/氮沉降
Global meta-analysis of terrestrial nitrous oxide emissions and associated functional genes under nitrogen addition,Luncheng You; Gerard H. Ros; Yongliang Chen; Xue Yang; Zhenling Cui; Xuejun Liu; Rongfeng Jiang; Fusuo Zhang,Soil Biology and Biochemistry,2021,10.1016/j.soilbio.2021.108523,,宏基因组/功能基因；氮添加/氮沉降
Endogenous mechanism of microbial functional gene and exogenous nitrogen removal factors driven by sustainable iron-nitrogen cycling,Wei Wang; Youyou Hu; Xin Qi; Yanqing He; Yuecheng She; Zhengkui Li,Journal of Cleaner Production,2023,10.1016/j.jclepro.2023.136043,,宏基因组/功能基因
The responses of soil bacterial and archaeal communities to coastal embankments in three typical salt marshes of Eastern China,Hongyu Feng; Yajun Qiao; Lu Xia; Wen Yang; Yongqiang Zhao; Nasreen Jeelani; Shuqing An,Plant and Soil,2022,10.1007/s11104-022-05423-3,,滨海湿地/盐沼
Spatiotemporal Dynamics of Bacterial Taxonomic and Functional Profiles in Estuarine Intertidal Soils of China Coastal Zone,Zongxiao Zhang; Ping Han; Yanling Zheng; Shuo Jiao; Hongpo Dong; Xia Liang; Dengzhou Gao; Yuhui Niu,Microbial Ecology,2022,10.1007/s00248-022-01996-9,,滨海湿地/盐沼
Nitrogen deposition enhances the deterministic process of the prokaryotic community and increases the complexity of the microbial co-network in coastal wetlands,Mengyue Sun; Mingcong Li; Yuqi Zhou; Jiai Liu; Wenchong Shi; Xiaoliang Wu; Baohua Xie; Ye Deng,The Science of The Total Environment,2022,10.1016/j.scitotenv.2022.158939,,氮添加/氮沉降；滨海湿地/盐沼
"Spartina alterniflora invasion has a greater impact than non-native species, Phragmites australis and Kandelia obovata, on the bacterial community assemblages in an estuarine wetland",Yongxin Lin; Hang‐Wei Hu; Ping Yang; Guiping Ye,The Science of The Total Environment,2022,10.1016/j.scitotenv.2022.153517,,滨海湿地/盐沼；湿地植被/盐生植物；微生物群落
Differentiation of fungal trophic guilds to long-term nitrogen addition in a poplar plantation,Nan Yang; Jiangbao Zhang; Jiani Hua; Baohan Song; Tianyi Wang; Wei Xing; Guobing Wang; Lingfeng Mao,Forest Ecology and Management,2024,10.1016/j.foreco.2024.121699,,氮添加/氮沉降
"Metagenomics insights into the functional profiles of soil carbon, nitrogen, and phosphorus cycles in a walnut orchard under various regimes of long-term fertilisation",Tianyu Du; Qufei Hu; Wenjing Mao; Yang Zhou; Hong Chen; Linna Sun; Meizhi Zhai,European Journal of Agronomy,2023,10.1016/j.eja.2023.126887,,宏基因组/功能基因
"Poly-Γ-Glutamic Acid Differentially Alters the Abundances and Communities of N Functional Genes Involved in Urea Hydrolysis, Nitrification and Denitrification When Applied with Different Nitrogen Fertilizers",Lei Zhang; Jichao Gao; Lingli Wang; Yu Sun; Xiaoyan Dong; J. Pei; Zhanbo Wei; Lili Zhang,Social Science Research Network,2023,10.2139/ssrn.4263503,,宏基因组/功能基因；氮循环过程
Metagenomic analysis revealed the potential of lactic acid bacteria in improving natural saline-alkali land,Hai Tang; Zhi Zhong; Jingqing Hou; Lijun You; Zhixin Zhao; Lai‐Yu Kwok; Menghe Bilige,International Microbiology,2023,10.1007/s10123-023-00388-4,,宏基因组/功能基因
Quantitative and compositional responses of ammonia-oxidizing archaea and bacteria to long-term field fertilization,Chao Xue; Xu Zhang; Chen Zhu; Jun Zhao; Ping Zhu; Chang Peng; Ning Ling; Qirong Shen,Scientific Reports,2016,10.1038/srep28981,"Abstract Archaeal (AOA) and bacterial (AOB) ammonia-oxidizer responses to long-term field fertilization in a Mollisol soil were assessed through pyrosequencing of amoA genes. Long-term fertilization treatments including chemical fertilizer (NPK), NPK plus manure (NPKM) and no fertilization over 23 years altered soil properties resulting in significant shifts in AOA and AOB community composition and abundance. NPK exhibited a strong influence on AOA and AOB composition while the addition of manure neutralized the community change induced by NPK. NPK also led to significant soil acidification and enrichment of Nitrosotalea . Nitrosospira cluster 9 and 3c were the most abundant AOB populations with opposing responses to fertilization treatments. NPKM had the largest abundance of ammonia-oxidizers and highest potential nitrification activity (PNA), suggesting high N loss potential due to a doubling of nutrient input compared to NPK. PNA was strongly correlated to AOA and AOB community composition indicating that both were important in ammonium oxidization in this Mollisol soil. Total N and organic C were the most important factors driving shifts in AOA and AOB community composition. The AOA community was strongly correlated to the activities of all sugar hydrolysis associated soil enzymes and was more responsive to C and N input than AOB.",氮添加/氮沉降；氮循环过程
Metagenomic insights into nitrogen-cycling microbial communities and their relationships with nitrogen removal potential in the Yangtze River,Danli Deng; Zhengjian Yang; Yuyi Yang; Wenjie Wan; Wenzhi Liu; Xiang Xiong,Water Research,2024,10.1016/j.watres.2024.122229,,宏基因组/功能基因
"Characteristics of carbon, nitrogen, phosphorus and sulfur cycling genes, microbial community metabolism and key influencing factors during composting process supplemented with biochar and biogas residue",Nanyi Wang; Keqi Zhao; Fanghong Li; Hua Peng; Yaoxiong Lu; Lihua Zhang; Junting Pan; Shilin Jiang,Bioresource Technology,2022,10.1016/j.biortech.2022.128224,,微生物群落
Changes in Microbial Carbon and Nitrogen Cycling in Wetlands Under Moisture Stress,Zhenbo Chen; Zhihong Liu; Changchun Song; Wenwen Tan; Jiaqi Guo; Shuhao Li,Water Resources Research,2025,10.1029/2025wr040253,"The increasing frequency of drought events, driven by climate change and anthropogenic activities, has significantly challenged wetland ecological conservation, exacerbating nutrient limitations for both plant and microbial communities within these ecosystems. However, the adverse effects of drought stress on marsh wetland health, particularly the microbial‐driven mechanisms underlying wetland material cycling, are not yet fully understood. To address this issue, a 6‐year controlled hydrological experiment was conducted in selected wetlands in north‐east China. Changes in wetland ecological functions were studied through long‐term automatic control of four different water levels: L1 (severe drought), L2 (mild drought), L3 (control), and L4 (inundation). The results showed that severe drought and inundation reduced soil nitrogen availability (mainly NH4+, −34.4%–43.6%). Microbial communities exhibited adaptive responses to water and nutrient deficiencies through metabolic regulation, particularly by suppressing energy production pathways, including glycolysis/gluconeogenesis and the tricarboxylic acid cycle. In terms of material cycling, drought significantly promotes microbial nitrogen fixation (+31.7%–419.4%), providing important potential conditions for mitigating nitrogen limitation in wetlands. Regarding ecological functions, inundation conditions were found to promote wetland microbial methanogenesis, whereas drought conditions favored microbial N2O production processes. Seasonal variations were also identified in environmental factors influencing carbon and nitrogen metabolic pathways. The results of our study provide theoretical support for future wetland ecological conservation, particularly for mitigating nutrient depletion in ecosystems under extreme climate change.",氮循环过程；滨海湿地/盐沼
The impact of global change factors on the functional genes of soil nitrogen and methane cycles in grassland ecosystems: a meta-analysis,Yuhan Liu; Yinghui Liu; Jiaqi Zhang; Jingyi Dong; Siyu Ren,Oecologia,2024,10.1007/s00442-024-05651-7,,宏基因组/功能基因
Short‐ and long‐term effects of nutrient enrichment on salt marsh plant production and microbial community structure,Torrance C. Hanley; Jennifer L. Bowen; Patrick J. Kearns; A. Randall Hughes,Journal of Ecology,2021,10.1111/1365-2745.13756,"Abstract Nutrient enrichment impacts ecosystems globally. Population history, especially past resource environments, of numerically dominant plant species may affect their responses to subsequent changes in nutrient availability. Eutrophication can also alter plant–microbe interactions via direct effects on associated microbial communities or indirect effects on dominant species’ biomass production/allocation as a result of modified plant–soil interactions. We combined a greenhouse common garden and a field reciprocal transplant of a salt marsh foundation species ( Spartina alterniflora ) within a long‐term, whole‐ecosystem, nutrient‐enrichment study to determine whether enrichment affects plant production and microbial community structure differently depending on plant population history. For the greenhouse portion, we collected 20 S. alterniflora genotypes—10 from an enriched creek that had received elevated nutrient inputs for 10 years and 10 from an unenriched reference creek—and reared them in a common garden for 1 year. For the field portion, we conducted a 2‐year, fully crossed reciprocal transplant experiment with two gardens each at the enriched and unenriched sites; we examined the effects of source site (i.e. population history), garden site and plant genotype. After 2 years, plants in enriched gardens had higher above‐ground biomass and altered below‐ground allocation compared to plants in unenriched gardens. However, performance also depended on plant population history: plants from the enriched site had decreased above‐ground and rhizome production compared to plants from the unenriched site, most notably in unenriched gardens. In addition, almost all above‐ and below‐ground traits varied depending on plant genotypic identity. Effects of nutrient enrichment on the associated microbial community were also pronounced. Following 1 year in common garden, microbial community structure varied by plant population history and S. alterniflora genotypic identity. However, at the end of the reciprocal transplant, microbial communities differed primarily between enriched and unenriched gardens. Synthesis . Nutrient enrichment can impact plant foundation species and associated soil microbes in the short term. Most importantly, nutrient enrichment can also have long‐lasting effects on plant populations and associated microbial communities that potentially compromise their ability to respond to changing resource conditions in the future.",滨海湿地/盐沼；湿地植被/盐生植物；微生物群落
Regulation of drought stress on nutrient cycle and metabolism of rhizosphere microorganisms in desert riparian forest,Wenjing Li; Hengfang Wang; Guanghui Lv; Jinlong Wang; Jianhao Li,The Science of The Total Environment,2024,10.1016/j.scitotenv.2024.176148,,微生物群落
Metagenomic analysis of petroleum biodegradation coupled to specific N-cycling process in oil-contaminated soil,Lulu Kong; Tiebing Xu; Zepeng Wang; Xueyou Wen; Zhen Jiao; Jingze Liu,Applied Soil Ecology,2023,10.1016/j.apsoil.2023.105144,,宏基因组/功能基因
"Spatiotemporal successions of N, S, C, Fe, and As cycling genes in groundwater of a wetland ecosystem: Enhanced heterogeneity in wet season",Xianglong Chen; Yizhi Sheng; Guangcai Wang; Pengpeng Zhou; Fu Liao; Hairu Mao; Hongyu Zhang; Zhiyuan Qiao,Water Research,2024,10.1016/j.watres.2024.121105,,滨海湿地/盐沼
Rare Taxa as Key Drivers of Soil Multi-Nutrient Cycling Under Different Crop Types,Qingmiao Yang; Hanwen Liu; Biao Tang; Chunxiao Yu; Shide Dong; Yang Li; Guangxu Cui; Yi Zhang,Microorganisms,2025,10.3390/microorganisms13030513,"Soil microorganisms are crucial for nutrient cycling, with abundant and rare taxa playing distinct roles. However, the mechanisms by which soil microbes influence nutrient cycling under different crop types remain unclear. In this study, we investigated the network structure, diversity, and microbial composition of croplands in the Yellow River Delta, focusing on four primary crops: soybean, maize, cotton, and sorghum. The findings revealed that the co-occurring network structure of sorghum planting-soils exhibited greater complexity than other crop types. Bacterial alpha diversity in cotton-planting soil is the highest and susceptible to environmental variations. The diversity of both rare and abundant taxa responds differently to soil nutrients depending on the crop type. While abundant taxa play a crucial role in soil multi-nutrient cycling, rare taxa are key drivers of variations in nutrient cycling expression. The diversity of rare taxa showed a strong correlation with critical nutrients. Structural equation modeling revealed that the alpha diversity of rare bacterial and fungal taxa significantly influenced the soil multi-nutrient cycling index (MNC). Specifically, higher Shannon indices of rare bacterial taxa were associated with lower MNC, while the opposite was true for soil fungi. Soil organic carbon and soil total nitrogen are the key factors influencing alpha diversity in rare bacterial and fungal taxa. Moreover, this study provides new insights into the role of rare soil microbial diversity in the nutrient cycling of agricultural ecosystems.",滨海湿地/盐沼；微生物群落
Microbial community succession in soils under long-term heavy metal stress from community diversity-structure to KEGG function pathways,Suya Ma; Longkai Qiao; Xiaoxia Liu; Shuo Zhang; Luying Zhang; Ziliang Qiu; Caihong Yu,Environmental Research,2022,10.1016/j.envres.2022.113822,,宏基因组/功能基因；微生物群落
LDPE microplastics affect soil microbial communities and nitrogen cycling,Lili Rong; Longfei Zhao; Leicheng Zhao; Zhipeng Cheng; Yiming Yao; Chaolei Yuan; Lei Wang; Hongwen Sun,Science of The Total Environment,2021,10.1016/j.scitotenv.2021.145640,,背景文献
Reveal molecular mechanism on the effects of silver nanoparticles on nitrogen transformation and related functional microorganisms in an agricultural soil,Jinhao Dong; Baoshan Yang; Hui Wang; Xinlei Cao; Fei He; Lijiao Wang,The Science of The Total Environment,2023,10.1016/j.scitotenv.2023.166765,,微生物群落
Nitrogen-cycling processes under long-term compound heavy metal(loids) pressure around a gold mine: Stimulation of nitrite reduction,Xuesong Hu; Xiaoxia Liu; Shuo Zhang; Caihong Yu,Journal of Environmental Sciences,2023,10.1016/j.jes.2023.12.027,,背景文献
Pesticide effects on nitrogen cycle related microbial functions and community composition,Jowenna Xiao Feng Sim; Casey L. Doolette; Sotirios Vasileiadis; Barbara Drigo; Ethan R. Wyrsch; Steven P. Djordjevic; Erica Donner; Dimitrios G. Karpouzas,The Science of The Total Environment,2021,10.1016/j.scitotenv.2021.150734,,背景文献
Effects of manure and nitrogen fertilization on soil microbial carbon fixation genes and associated communities in the Loess Plateau of China,Mengmeng Wen; Yang Liu; Caidi Yang; Ying Dou; Shaoqing Zhu; Guangye Tan; Jun Wang,The Science of The Total Environment,2024,10.1016/j.scitotenv.2024.176581,,氮添加/氮沉降
Structure and Function of Soil Bacterial Communities in the Different Wetland Types of the Liaohe Estuary Wetland,Yunlong Zheng; Fangli Su; Haifu Li; Fei Song; Chao Wei; Panpan Cui,Microorganisms,2024,10.3390/microorganisms12102075,"Soil bacterial communities play a crucial role in the functioning of estuarine wetlands. Investigating the structure and function of these communities across various wetland types, along with the key factors influencing them, is essential for understanding the relationship between bacteria and wetland ecosystems. The Liaohe Estuary Wetland formed this study’s research area, and soil samples from four distinct wetland types were utilized: suaeda wetlands, reed wetlands, pond returning wetlands, and tidal flat wetlands. The structure and function of the soil bacterial communities were examined using Illumina MiSeq high-throughput sequencing technology in conjunction with the PICRUSt analysis method. The results indicate that different wetland types significantly affect the physical and chemical properties of soil, as well as the structure and function of bacterial communities. The abundance and diversity of soil bacterial communities were highest in the suaeda wetland and lowest in the tidal flat wetland. The dominant bacterial phyla identified were Proteobacteria and Bacteroidota. Furthermore, the dominant bacterial genera identified included RSA9, SZUA_442, and SP4260. The primary functional pathways associated with the bacterial communities involved the biosynthesis of valine, leucine, and isoleucine, as well as lipoic acid metabolism, which are crucial for the carbon and nitrogen cycles. This study enhances our understanding of the mutual feedback between river estuary wetland ecosystems and environmental changes, providing a theoretical foundation for the protection and management of wetlands.",滨海湿地/盐沼；湿地植被/盐生植物；微生物群落
Soil bacteria and fungi communities are shaped by elevation influences in Colombian forest and páramo natural ecosystems,Glever Alexander Vélez‐Martínez; Wendy Lorena Reyes-Ardila; Juan Diego Duque-Zapata; Paula Andrea Rugeles-Silva; Jaime Eduardo Muñoz Flórez; Diana López,International Microbiology,2023,10.1007/s10123-023-00392-8,"The influence of elevation on natural terrestrial ecosystems determines the arrangements of microbial communities in soils to be associated with biotic and abiotic factors. To evaluate changes of fungi and bacteria at the community level along an elevational gradient (between 1000 and 3800 m.a.s.l.), physicochemical measurements of soils, taxonomic identifications of plants, and metabarcoding sequences of the 16S rRNA gene for bacteria and the ITS1 region for fungi were obtained. The bacterial taxonomic composition showed that Acidobacteriota increased in abundance with elevation, while Actinobacteriota and Verrucomicrobiota decreased. Furthermore, Firmicutes and Proteobacteria maintained maximum levels of abundance at intermediate elevations (1200 and 2400 m.a.s.l.). In fungi, Ascomycota was more abundant at higher elevations, Basidiomycota tended to dominate at lower elevations, and Mortierellomycota had a greater presence at intermediate sites. These results correlated with the edaphic parameters of decreasing pH and increasing organic carbon and available nitrogen with elevation. In addition, the Shannon index found a greater diversity in bacteria than fungi, but both showed a unimodal pattern with maximum values in the Andean Forest at 2400 m.a.s.l. Through the microbial characterization of the ecosystems, the elevational gradient, soil properties, and vegetation were found to exert significant effects on microbial communities and alpha diversity indices. We conclude that the most abundant soil microorganisms at the sampling points differed in abundance and diversity according to the variations in factors influencing ecological communities.",微生物群落
Enzymatic stoichiometry reveals phosphorus limitation-induced changes in the soil bacterial communities and element cycling: Evidence from a long-term field experiment,Jiwen Cui; Shuai Zhang; Xiya Wang; Xinpeng Xu; Chao Ai; Guoqing Liang; Ping Zhu; Wei Zhou,Geoderma,2022,10.1016/j.geoderma.2022.116124,,背景文献
"Microplastics perturb nitrogen removal, microbial community and metabolism mechanism in biofilm system",Tong Wu; Le Zhong; Jie Ding; Ji-Wei Pang; Han-Jun Sun; Mengqi Ding; Nanqi Ren; Shan-Shan Yang,Journal of Hazardous Materials,2023,10.1016/j.jhazmat.2023.131971,,微生物群落
Microplastics altered soil microbiome and nitrogen cycling: The role of phthalate plasticizer,Feng Zhu; Yuanyuan Yan; Evelyn Doyle; Changyin Zhu; Xin Jin; Zhanghao Chen; Chao Wang; Huan He,Journal of Hazardous Materials,2021,10.1016/j.jhazmat.2021.127944,,微生物群落
Wetland types shape microbial function related to soil phosphorus cycling based on metagenomics analysis.,Meiqing Jia; Zhiwei Gao; Xuefeng Hu; Mengqiong Feng; Fanhui Liu; Jing Huang; Ruwen Zhang; Jing Li,Journal of Environmental Science,2025,10.1016/j.jes.2025.03.009,,宏基因组/功能基因；滨海湿地/盐沼
Metagenomic insights into the effects of organic and inorganic agricultural managements on soil phosphorus cycling,Xionghui Liao; Jie Zhao; Qing Yi; Jiangnan Li; Zhilei Li; Shanshan Wu; Wei Zhang; Kelin Wang,Agriculture Ecosystems & Environment,2022,10.1016/j.agee.2022.108281,,宏基因组/功能基因
Biodegradable film mulching increases soil microbial network complexity and decreases nitrogen-cycling gene abundance,Hao Zhang; Duntao Shu; Jiaqi Zhang; Xuejun Liu; Kai Wang; Rui Jiang,The Science of The Total Environment,2024,10.1016/j.scitotenv.2024.172874,,背景文献
Effects of Exotic Spartina alterniflora Invasion on Soil Phosphorus and Carbon Pools and Associated Soil Microbial Community Composition in Coastal Wetlands,,,,10.1021/acsomega.0c06161.s001,,滨海湿地/盐沼；湿地植被/盐生植物；微生物群落
Responses of soil carbon cycling microbial functional genes to nitrogen and phosphorus addition in saline-sodic soils,Xuejun Du; Yanning Ge; Yun Zhang; Hao Hu; Yiying Zhang; Ziye Yang; Xueqin Ren; Shuwen Hu,Plant and Soil,2023,10.1007/s11104-023-06070-y,,宏基因组/功能基因
The impacts of microplastics on the cycling of carbon and nitrogen in terrestrial soil ecosystems: Progress and prospects,Wenfeng Wang; Zhiyu Zhang; Jie Gao; Haitao Wu,The Science of The Total Environment,2024,10.1016/j.scitotenv.2024.169977,,背景文献
Estuarine Sediment Microbiomes from a Chronosequence of Restored Urban Salt Marshes,Nathan Morris; Mary Alldred; Chester B. Zarnoch; S. Elizabeth Alter,Microbial Ecology,2023,10.1007/s00248-023-02193-y,,滨海湿地/盐沼；微生物群落
"Effects of pyroxsulam on soil enzyme activity, nitrogen and carbon cycle-related gene expression, and bacterial community structure",Dengtan Li; Shujuan Sun; Tongtong Zhou; Zhongkun Du; Jun Wang; Bing Li; Jinhua Wang; Lusheng Zhu,Journal of Cleaner Production,2022,10.1016/j.jclepro.2022.131821,,微生物群落
The Long-Term Effect of Biochar Amendment on Soil Biochemistry and Phosphorus Availability of Calcareous Soils,Qing‐Song Yuan; Ya Gao; Guozhen Ma; Haizhong Wu; Qingsong Li; Yali Zhang; Shiliang Liu; Xiaolei Jie,Agriculture,2025,10.3390/agriculture15050458,"Biochar soil amendment has proven to be beneficial for soil fertility regulation, while the long-term mechanisms under different soil conditions remain largely unexplored. This study was based on two long-term field experiments in calcareous soils to explore the effect of biochar on fertility and phosphorus availability, as well as potential mechanisms. Experiments were conducted on Fluvo-aquic soil (6 years) and Cinnamon soil (5 years), respectively. Biochar was applied once at 20 t/ha level and mixed with the topsoil. We evaluated soil fertility and phosphorus fractions with and without biochar amendment and analyzed the related extracellular enzyme activity and functional gene abundance. The results indicate a persistent increase in crop yield by 10.8–24.3% in calcareous soils after 5–6 years of treatment. Biochar enhanced soil fertility, including increased SOC, available phosphorus, and potassium content. Moreover, it boosted the activity of extracellular enzymes related to soil carbon, nitrogen, and phosphorus cycling. This effect may be associated with the stability of morphological features and mineral element regulation on biochar surfaces. Biochar soil amendment led to a long-term increase in phosphorus availability, of which available phosphorus increased by 13.1–49.1%. Potential mechanisms included an increase in labile phosphorus forms and biological mechanisms of raising alkaline phosphatase activities and increasing the copy numbers of the phosphatase genes (phoD, phoX, and nifH). In conclusion, biochar soil amendment resulted in sustained improvement in soil fertility in calcareous soils and consistently increased phosphorus availability via biochemical mechanisms.",宏基因组/功能基因
Changes in soil prokaryotic communities and nitrogen cycling functions along a groundwater table drawdown gradient in desert wetlands,Kun Wang; Ruopeng Pan; Hongyan Fei; Qian Tong; Fengpeng Han,The Science of The Total Environment,2022,10.1016/j.scitotenv.2022.156868,,滨海湿地/盐沼
"Polyethylene microplastic and soil nitrogen dynamics: Unraveling the links between functional genes, microbial communities, and transformation processes",Zhidong Zhou; Jianfeng Hua; Jianhui Xue,Journal of Hazardous Materials,2023,10.1016/j.jhazmat.2023.131857,,宏基因组/功能基因
Changes in soil bacterial and fungal community composition and functional groups during the succession of boreal forests,Shuai Jiang; Yajuan Xing; Guancheng Liu; Chunyi Hu; Xiaochun Wang; Guoyong Yan; Qinggui Wang,Soil Biology and Biochemistry,2021,10.1016/j.soilbio.2021.108393,,微生物群落
Effect of planting salt-tolerant legumes on coastal saline soil nutrient availability and microbial communities,Yanfen Zheng; Xuwen Cao; Yanan Zhou; Zhe Li; Yanzhe Yang; Dong‐Lin Zhao; Yiqiang Li; Zongchang Xu,Journal of Environmental Management,2023,10.1016/j.jenvman.2023.118574,,滨海湿地/盐沼
Effect of salinity and soil aggregate size on microbial community involved in carbon and nitrogen cycling,Jiuwei Song; Yuhan Cai; Yunxiu Zhao; Xingmei Liu,Plant and Soil,2025,10.1007/s11104-025-07862-0,,微生物群落
Aggregate-size effects on soil physical and chemical properties and microbial communities during wetland-to-upland transition in cold-region ecosystems of northeastern China,Junnan Ding,Revista Brasileira de Ciência do Solo,2026,10.36783/18069657rbcs20250143,"Soil aggregates are critical for maintaining soil structure, nutrient cycling, and microbial habitats, but their dynamics under land-use change remain unclear in cold-region ecosystems. This study aimed to examine soil aggregates, physical and chemical properties, enzyme activities, and bacterial communities across three aggregate size classes (mega-, macro-, and micro-aggregates) in wetland and farmland soils in northeastern China. Wetland soils contained larger proportions of coarse aggregates, higher mean weight diameter (MWD), and greater carbon and nitrogen contents than farmland soils, indicating stronger structural stability and nutrient retention. Microbial α- and β-diversity differed by aggregate size, with larger aggregates harboring more diverse bacterial communities. Soil organic carbon, TN, and SWC were the main drivers of microbial composition, especially in larger aggregates. Bacterial taxa also shifted with land use, with Nitrospinota and Desulfobacterota enriched in wetlands, while Actinobacteriota and Gemmatimonadota were more abundant in farmland. These results highlight the role of aggregate stability in shaping microbial diversity and soil functions during wetland-to-upland transitions.",滨海湿地/盐沼
Different bacterial co-occurrence patterns and community assembly between rhizosphere and bulk soils under N addition in the plant–soil system,Jie Wang; Lirong Liao; Zhencheng Ye; Hongfei Liu; Chao Zhang; Lu Zhang; Guobin Liu; Guoliang Wang,Plant and Soil,2022,10.1007/s11104-021-05214-2,,背景文献
Spartina alterniflora invasion enhances sediment nitrification processes in coastal wetland,Xianbiao Lin; Dongyao Sun; Zihao Wang; Dengzhou Gao; Weifang Hu; Wei Du,Plant and Soil,2025,10.1007/s11104-025-07522-3,,氮循环过程；滨海湿地/盐沼；湿地植被/盐生植物
Spartina alterniflora invasion alters soil microbial metabolism in coastal wetland of China,Yong-Xue Li; Pedro Laborda; Xiao-Ling Xie; Rong Zhou; Yao Chen; Teng Li; Zheng-Hui Pu; Yu-Lu Wang,"Estuarine, Coastal and Shelf Science",2020,10.1016/j.ecss.2020.106982,,滨海湿地/盐沼；湿地植被/盐生植物
Patters of reactive nitrogen removal at the waters in the semi-constructed wetland,Aiju You; Lei Hua; Jingwen Hu; Junsong Tian; Tao Ding; Na Cheng; Lifang Hu,Journal of Environmental Management,2023,10.1016/j.jenvman.2023.118733,,滨海湿地/盐沼
"Sensitive indicator microorganisms and C,N-cycle processes in soil with different petroleum hydrocarbon pollution levels",Ting Zhang; Xuhong Zhang; Zeliang Liu; Yawen Ou; Xuhong Duan; Manli Wu,Biochemical Engineering Journal,2025,10.1016/j.bej.2025.109752,,微生物群落
Characteristics of iron cycle and its driving mechanism during the development of biological soil crusts associated with desert revegetation,Yubing Liu; Yansong Wang; Zengru Wang; Tianpeng Gao,Soil Biology and Biochemistry,2021,10.1016/j.soilbio.2021.108487,,背景文献
Nitrogen cycling-related functional genes exhibit higher sensibility in soil than leaf phyllosphere of different tree species in the subtropical forests,Xiuzhen Shi; Liyan Wang; Jiawen Sun; Manuel Esteban Lucas‐Borja; Jianqing Wang,Plant and Soil,2023,10.1007/s11104-023-06223-z,,宏基因组/功能基因
Soil Water Content Shapes Microbial Community Along Gradients of Wetland Degradation on the Tibetan Plateau,Meng Li; Kerou Zhang; Zhongqing Yan; Liang Liu; Enze Kang; Xiaoming Kang,Frontiers in Microbiology,2022,10.3389/fmicb.2022.824267,"Soil microbes are important components in element cycling and nutrient supply for the development of alpine ecosystems. However, the development of microbial community compositions and networks in the context of alpine wetland degradation is unclear. We applied high-throughput 16S rRNA gene amplicon sequencing to track changes in microbial communities along degradation gradients from typical alpine wetland (W), to wet meadow (WM), to typical meadow (M), to grassland (G), and to desert (D) in the Zoige alpine wetland region on the Tibetan Plateau. Soil water content (SWC) decreased as wetland degradation progressed (79.4 and 9.3% in W and D soils, respectively). Total organic carbon (TOC), total nitrogen (TN), and total phosphorus (TP) increased in the soils of WM, and then decreased with alpine wetlands degradation from WM to the soils of M, G, and D, respectively. Wetland degradation did not affect microbial community richness and diversity from W soils to WM, M, and G soils, but did affect richness and diversity in D soils. Microbial community structure was strongly affected by wetland degradation, mainly due to changes in SWC, TOC, TN, and TP. SWC was the primary soil physicochemical property influencing microbial community compositions and networks. In wetland degradation areas, Actinobacteriota , Acidobacteriota , Cholorflexi , and Proteovacteria closely interacted in the microbial network. Compared to soils of W, WM, and M, Actinobacteriota played an important role in the microbial co-occurrence network of the G and D soils. This research contributes to our understanding of how microbial community composition and networks change with varied soil properties during degradation of different alpine wetlands.",滨海湿地/盐沼；微生物群落
Temporal patterns of soil carbon emission in tropical forests under long-term nitrogen deposition,Mianhai Zheng; Tao Zhang; Yiqi Luo; Juxiu Liu; X. L. Lu; Qing Ye; Senhao Wang; Juan Huang,Nature Geoscience,2022,10.1038/s41561-022-01080-4,,氮添加/氮沉降
"Bulk soil microbial reservoir or plant recruitment dominates rhizosphere microbial community assembly: Evidence from the rare, endangered Lauraceae species Cinmaomum migao",Jing‐Zhong Chen; Xiaolong Huang; Qing-wen Sun; Jiming Liu,Ecological Indicators,2023,10.1016/j.ecolind.2023.110071,"The rhizosphere microbial community is important for plant growth and health; however, it remains controversial whether this community assembles through rhizosphere recruitment or the stochastic dispersal of the bulk soil microbial reservoir. We observed the dynamic spatiotemporal changes in the Cinmaomum migao microbial community in the rhizosphere and bulk soil, a rare and endangered species endemic to China, through continuous sampling for 2 years. Soil nutrients, pH, and enzymes were tested to examine the dominant factors underlying rhizosphere microbiome assembly. The rhizosphere microbiome is a subset of the bulk soil microbiome. The Simpson diversity index (−0.02%, −0.01%) and Shannon diversity index (−4.3%, −4.5%) were lower in the rhizosphere than in the bulk soil. The rhizosphere microbial network had 1073 nodes and 2899 edges in the first year and 1012 nodes and 2730 edges in the second year. In contrast, the bulk soil microbial network had 1088 nodes and 3717 edges in the first year and 1133 nodes and 3715 edges in the second year. Therefore, their community compositions are very similar in terms of higher taxonomy (e.g., phylum), but significantly different in terms of lower taxonomy (e.g., genus). However, functional composition is significantly different between rhizosphere and bulk soil microbiomes; the rhizosphere community is closely associated with the nitrogen and carbon cycles, whereas bulk soil microbiome is highly diverse and its functioning varies with its location. Our study revealed that plant roots play an important recruitment role when they encounter different bulk soil microbial reservoirs. However, they may form bulk soil microbial reservoir with similar functions through chance selection and not assembly taxonomic level.",微生物群落
Constructed wetland treating mine drainage wastewater: Performance and microbial mechanisms,Xiaoyong Zhong; Xindong Teng; Bo Tang; Xunan Lin; Junbin Chen; Ronghua Zhao; Qiang Wu; Xiao Huang,Journal of Water Process Engineering,2024,10.1016/j.jwpe.2024.105244,,滨海湿地/盐沼
Nitrogen fertilization increases fungal diversity and abundance of saprotrophs while reducing nitrogen fixation potential in a semiarid grassland,Lirong Liao; Xiangtao Wang; Jie Wang; Guobin Liu; Chao Zhang,Plant and Soil,2021,10.1007/s11104-021-05012-w,,氮添加/氮沉降；氮循环过程
Patterns of bacterial communities in the rhizosphere and rhizoplane of alpine wet meadows,Awais Iqbal; Muhammad Maqsood Ur Rehman; Wasim Sajjad; A. Allan Degen; Muhammad Rafiq; Niu Jiahuan; Salman Khan; Zhanhuan Shang,Environmental Research,2023,10.1016/j.envres.2023.117672,,背景文献
Insight of bacteria and archaea in Feammox community enriched from different soils,Jiaxuan Zhu; Xuejun Yan; Lean Zhou; Nan Li; Chengmei Liao; Xin Wang,Environmental Research,2021,10.1016/j.envres.2021.111802,,背景文献
Saltwater incursion regulates N2O emission pathways and potential nitrification and denitrification in intertidal wetland,Yinghui Jiang; Guoyu Yin; Ye Li; Lijun Hou; Min Liu; Cheng Chen; Dongsheng Zheng; Han Wu,Biology and Fertility of Soils,2022,10.1007/s00374-022-01625-0,,氮循环过程；滨海湿地/盐沼
Nitrogen addition enhanced the polycyclic aromatic hydrocarbons dissipation through increasing the abundance of related degrading genes in the soils,Jian Wang; Zhiyao Yang; Xian Zhou; Michael Gatheru Waigi; Fredrick Owino Gudda; Emmanuel Stephen Odinga; Ahmed Mosa; Wanting Ling,Journal of Hazardous Materials,2022,10.1016/j.jhazmat.2022.129034,,氮添加/氮沉降
A novel Pseudomonas aeruginosa strain performs simultaneous heterotrophic nitrification-aerobic denitrification and aerobic phosphate removal,Mei-Qi Huang; You‐Wei Cui; Jilin Huang; Feng‐Long Sun; Si Chen,Water Research,2022,10.1016/j.watres.2022.118823,,氮循环过程
"Invasion of exotic Spartina alterniflora alters the size, availability, and stability of the soil phosphorus pool in the coastal wetlands of Eastern China",Huan Zhang; Xitong Yang; Yin Zheng; Jiahui Wang; Jinsong Wang; Shuqing An; Xiaoli Cheng; Wen Yang,CATENA,2024,10.1016/j.catena.2024.107909,,滨海湿地/盐沼；湿地植被/盐生植物
Halophyte Vegetation Influences Soil Microbial Community of Coastal Salt Marsh,Chen Gu; Jiyan Shi; Jianliang Rui; Yanming Yu; Weibin Huang; Zhinai Lu; Yao Chen; Xiaojun Chen,Journal of Ocean University of China,2022,10.1007/s11802-022-5213-x,,滨海湿地/盐沼；湿地植被/盐生植物；微生物群落
"Globally nitrogen addition alters soil microbial community structure, but has minor effects on soil microbial diversity and richness",Xudong Wang; Jiguang Feng; Gukailin Ao; Wenkuan Qin; Mengguang Han; Yawen Shen; Mengli Liu; Ying Chen,Soil Biology and Biochemistry,2023,10.1016/j.soilbio.2023.108982,,氮添加/氮沉降；微生物群落
Discrepant responses of bacterial community and enzyme activities to conventional and biodegradable microplastics in paddy soil,Zhiyu Zhang; Wenfeng Wang; Jiping Liu; Haitao Wu,The Science of The Total Environment,2023,10.1016/j.scitotenv.2023.168513,,微生物群落
Continental‐scale plant invasions reshuffle the soil microbiome of blue carbon ecosystems,Gui‐Feng Gao; Huan Li; Yu Shi; Teng Yang; Chang‐Hao Gao; Kunkun Fan; Yihui Zhang; Yong‐Guan Zhu,Global Change Biology,2022,10.1111/gcb.16211,"Theory and experiments support that plant invasions largely impact aboveground biodiversity and function. Yet, much less is known on the influence of plant invasions on the structure and function of the soil microbiome of coastal wetlands, one of the largest major reservoirs of biodiversity and carbon on Earth. We studied the continental-scale invasion of Spartina alterniflora across 2451 km of Chinese coastlines as our model-system and found that S. alterniflora invasion can largely influence the soil microbiome (across six depths from 0 to 100 cm), compared with the most common microhabitat found before invasion (mudflats, Mud). In detail, S. alterniflora invasion was not only positively associated with bacterial richness but also resulted in important biotic homogenization of bacterial communities, suggesting that plant invasion can lead to important continental scale trade-offs in the soil microbiome. We found that plant invasion changed the community composition of soil bacterial communities across the soil profile. Moreover, the bacterial communities associated with S. alterniflora invasions where less responsive to climatic changes than those in native Mud microhabitats, suggesting that these new microbial communities might become more dominant under climate change. Plant invasion also resulted in important reductions in the complexity and stability of microbial networks, decoupling the associations between microbes and carbon pools. Taken together, our results indicated that plant invasions can largely influence the microbiome of coastal wetlands at the scale of China, representing the first continental-scale example on how plant invasions can reshuffle the soil microbiome, with consequences for the myriad of functions that they support.",滨海湿地/盐沼；湿地植被/盐生植物；微生物群落
Unveiling salinity-driven shifts in microbial community composition across compartments of naturally saline inland streams,Paul A. Ayayee; Gordon Custer; Lusha M. Tronstad; Linda T. A. van Diepen,Hydrobiologia,2024,10.1007/s10750-024-05479-5,"Abstract Riverine environments host diverse microbial communities, exhibiting distinctive assemblies at both microscopic and macroscopic levels. Despite the complexity of microbial life in rivers, the underlying factors that shape the community structure across different compartments remain elusive. Herein, we characterized microbial community composition of biofilm and planktonic (water column) compartments in five naturally saline inland streams and a freshwater stream to examine changes in microbial communities following salinization via sequencing of the microbial 16S rRNA gene. Significant differences in specific conductivity, oxidation–reduction potential, dissolved oxygen, and pH among the sampled streams were measured, as were significant differences in the microbial community composition between the planktonic and biofilm. The bacterial families Bacillaceae , Vicinamibacterceae , and Micrococcaceae were significantly more abundant in the biofilm compartment, while Methylophilaceae, Alcaligenaceae, Spirosomaceae, Burkholderiaceae, and Comamonadaceae were more abundant in the planktonic compartment. In addition, salinity (based on specific conductivity) influenced the microbial community composition in both compartments, with higher sensitivity of the planktonic compartment. Increases in the bacterial families Shewanellaceae , Marinomonadaceae , and Saccharospirillaceae or loss of Anaeromyxobacteraceae could be indicative of increased salinity within inland streams. Our results suggest that monitoring of microbial assemblages of freshwater ecosystems could be used as early warning signs of increased salinization levels.",微生物群落
Evaluating response mechanisms of soil microbiomes and metabolomes to Bt toxin additions,Lei Ge; Lili Song; Luyao Wang; Yujie Li; Yu Sun; Cui Wang; Jun Chen; Guogan Wu,Journal of Hazardous Materials,2023,10.1016/j.jhazmat.2023.130904,,微生物群落
Plant invasion strengthens the linkages between dissolved organic matter composition and the microbial community in coastal wetland soils,Xuehui Zhang; Junhong Bai; Zhongsheng Zhang; Tian Xie; Guangliang Zhang; Yue Liu; Guozhu Chen; Zhe Liu,CATENA,2023,10.1016/j.catena.2023.107449,,滨海湿地/盐沼；微生物群落
Responses of soil microbial community structure under litter to changes in precipitation and nitrogen addition in a desert steppe,Jinpeng Ma; Lin Chen; Danbo Pang; Yinglong Chen; Mengyao Wu; Yaqi Zhang; Wenqiang He; Xuebin Li,European Journal of Soil Biology,2024,10.1016/j.ejsobi.2024.103696,,氮添加/氮沉降；微生物群落
The importance of plants for methane emission at the ecosystem scale,David Bastviken; Claire C. Treat; Sunitha Pangala; Vincent Gauci; Alex Enrich‐Prast; Martin Karlson; Magnus Gålfalk; Mariana Brandini Romano,Aquatic Botany,2022,10.1016/j.aquabot.2022.103596,"Methane (CH4), one of the key long-lived atmospheric greenhouse gases, is primarily produced from organic matter. Accordingly, net primary production of organic matter sets the boundaries for CH4 emissions. Plants, being dominant primary producers, are thereby indirectly sustaining most global CH4 emissions, albeit with delays in time and with spatial offsets between plant primary production and subsequent CH4 emission. In addition, plant communities can enhance or hamper ecosystem production, oxidation, and transport of CH4 in multiple ways, e.g., by shaping carbon, nutrient, and redox gradients, and by representing a physical link between zones with extensive CH4 production in anoxic sediments or soils and the atmosphere. This review focuses on how plants and other primary producers influence CH4 emissions with the consequences at ecosystem scales. We outline mechanisms of interactions and discuss flux regulation, quantification, and knowledge gaps across multiple ecosystem examples. Some recently proposed plant-related ecosystem CH4 fluxes are difficult to reconcile with the global atmospheric CH4 budget and the enigmas related to these fluxes are highlighted. Overall, ecosystem CH4 emissions are strongly linked to primary producer communities, directly or indirectly, and properly quantifying magnitudes and regulation of these links are key to predicting future CH4 emissions in a rapidly changing world.",背景文献
Simulation of the effects of microplastics on the microbial community structure and nitrogen cycle of paddy soil,Xia Sun; Xiaoying Zhang; Yuxiang Xia; Ruidong Tao; Meng Zhang; Yunjun Mei; Mengjie Qu,The Science of The Total Environment,2021,10.1016/j.scitotenv.2021.151768,,微生物群落
Long-term organic fertilization alters soil microbial community structure and its influence on faba bean production in a six-crop rotation system,Shumiao Jiang; Xue Dong; Wei Feng; Kai‐Hua Wang; Su Wang; Tenglong Wang; Min Lv; Yujie Han,Plant and Soil,2024,10.1007/s11104-024-07169-6,,氮添加/氮沉降；微生物群落
Spartina alterniflora raised sediment sulfide in a tidal environment and buffered it with iron in the Jiuduansha Wetland,Yuanhang Li; Jing Hua; Chi He; Daoyuan Wang; Zhenzhen Zhao; Feifei Wang; Yuchen Wang; Xiaoxi Wang,Journal of Soils and Sediments,2023,10.1007/s11368-023-03656-y,,滨海湿地/盐沼；湿地植被/盐生植物
Non-native Plant Species Invasion Increases the Importance of Deterministic Processes in Fungal Community Assembly in a Coastal Wetland,Guiping Ye; Jianming Chen; Ping Yang; Hangwei Hu; Zi-Yang He; Dan Wang; Dingding Cao; Wenbin Zhang,Microbial Ecology,2022,10.1007/s00248-022-02144-z,,滨海湿地/盐沼；微生物群落
Spartina alterniflora Invaded Coastal Wetlands by Raising Soil Sulfur Contents: A Meta-Analysis,Zhenzhen Zhao; Liyu Cheng; Chi He; Feifei Wang; Jialin Liu; Yuanhang Li; Xueping Chen; Xiaoyan Liu,Water,2022,10.3390/w14101633,"Nowadays, plant invasion has become a global ecological threat to local biodiversity and ecosystem stability. Spartina alterniflora encroaches on the ecological niches of local species and changes the soil’s nutrient cycle. However, few comprehensive assessments focus on the effects of S. alterniflora invasion. Here, we investigated how soil sulfur changed with spatiotemporal variation and life forms of native species after S. alterniflora invasion and speculated the possible mechanism of the sulfur increase based on the references. The invasion of S. alterniflora increased soil total sulfur by 57.29% and phytotoxic sulfide by 193.29%. In general, the invasion of S. alterniflora enhanced the total plant biomass and soil nutrients, e.g., soil organic carbon, total nitrogen, and soil microbial biomass carbon, further increasing soil sulfur content. The sulfur accumulation caused by S. alterniflora might result in the poisoning of native species. Thus, we hypothesized that the success of S. alterniflora invasion was closely connected with soil sulfur, especially toxic sulfide. Our study suggests that researchers should give more attention to the correlation between S. alterniflora invasion and the soil sulfur increase. More research is needed to investigate the mechanisms of the successful invasion by accumulating phytotoxic sulfide.",滨海湿地/盐沼；湿地植被/盐生植物
Changes to the structure and function of microbial communities in Spartina alterniflora and Kandelia obovata sediments as a factor of stand age,Li Song; Qiuxuan Wang; Yaojia Zhu; George Christakos; Jiaping Wu,Applied Soil Ecology,2022,10.1016/j.apsoil.2022.104544,,湿地植被/盐生植物
Changes in sediment N mineralization and immobilization in association with Spartina alterniflora invasion in mangrove wetland,Zhen Wu; Xiaoqing Wang; Mianrun Chen; Yilin Lai; Xianbiao Lin,Plant and Soil,2024,10.1007/s11104-024-06495-z,,滨海湿地/盐沼；湿地植被/盐生植物
"A new perspective on the impacts of Spartina alterniflora invasion on Chinese wetlands in the context of climate change: A case study of the Jiuduansha Shoals, Yangtze Estuary",Min Zhang; Christian Schwarz; Wenpeng Lin; Htun Naing; Huayang Cai; Zhenchang Zhu,The Science of The Total Environment,2023,10.1016/j.scitotenv.2023.161477,,滨海湿地/盐沼；湿地植被/盐生植物
"Response of soil iron oxides in freshwater marsh to different tidal hydrology in the Yellow River Estuary wetland, China",Xue Liu; Jifa Qin; Jisong Yang; Jiapeng Zhang; Yunfei Yang; Dandan Sun; Junbao Yu; Yunzhao Li,Ecological Engineering,2023,10.1016/j.ecoleng.2023.106942,,滨海湿地/盐沼
Co-occurrence networks reveal more complexity than community composition in resistance and resilience of microbial communities,Cheng Gao; Ling Xu; Liliam Montoya; Mary Madera; Joy Hollingsworth; Liang Chen; Elizabeth Purdom; Vasanth Singan,Nature Communications,2022,10.1038/s41467-022-31343-y,"Plant response to drought stress involves fungi and bacteria that live on and in plants and in the rhizosphere, yet the stability of these myco- and micro-biomes remains poorly understood. We investigate the resistance and resilience of fungi and bacteria to drought in an agricultural system using both community composition and microbial associations. Here we show that tests of the fundamental hypotheses that fungi, as compared to bacteria, are (i) more resistant to drought stress but (ii) less resilient when rewetting relieves the stress, found robust support at the level of community composition. Results were more complex using all-correlations and co-occurrence networks. In general, drought disrupts microbial networks based on significant positive correlations among bacteria, among fungi, and between bacteria and fungi. Surprisingly, co-occurrence networks among functional guilds of rhizosphere fungi and leaf bacteria were strengthened by drought, and the same was seen for networks involving arbuscular mycorrhizal fungi in the rhizosphere. We also found support for the stress gradient hypothesis because drought increased the relative frequency of positive correlations.",背景文献
Defining the Sphagnum Core Microbiome across the North American Continent Reveals a Central Role for Diazotrophic Methanotrophs in the Nitrogen and Carbon Cycles of Boreal Peatland Ecosystems,Max Kolton; David J. Weston; Xavier Mayali; Peter Weber; Karis J. McFarlane; Jennifer Pett‐Ridge; Mark M. Somoza; Jory Lietard,mBio,2022,10.1128/mbio.03714-21,"Nitrogen availability frequently limits photosynthetic production in Sphagnum moss-dominated high-latitude peatlands, which are crucial carbon-sequestering ecosystems at risk to climate change effects. It has been previously suggested that microbial methane-fueled fixation of atmospheric nitrogen (N 2 ) may occur in these ecosystems, but this process and the organisms involved are largely uncharacterized.",微生物群落
Salt marsh nitrogen cycling: where land meets sea,Jennifer L. Bowen; Amanda C. Spivak; Anne E. Bernhard; Robinson W. Fulweiler; Anne E. Giblin,Trends in Microbiology,2024,10.1016/j.tim.2023.09.010,,滨海湿地/盐沼
Rhizosphere effects on soil organic carbon processes in terrestrial ecosystems: A meta-analysis,Xuechao Zhao; Peng Tian; Zhaolin Sun; Shengen Liu; Qingkui Wang; Zhangquan Zeng,Geoderma,2022,10.1016/j.geoderma.2022.115739,,背景文献
Soil salinity and nutrients availability drive patterns in bacterial community and diversity along succession gradient in the Yellow River Delta,Yong Li; Enze Kang; Bing Song; Jinsong Wang; Xiaodong Zhang; Jinzhi Wang; Meng Li; Liang Yan,Estuarine Coastal and Shelf Science,2021,10.1016/j.ecss.2021.107621,,滨海湿地/盐沼；微生物群落
"Bacterial network complexity drives carbon, nitrogen and phosphorus metabolism potential under short-term soil water content changes in wetlands",Shouyang Luo; Jiabao Yuan; Yanyu Song; Qi Jia; Mengyuan Zhu; Huanhuan Feng; Yiting Zhao; Wenkai Mei,Environmental Research,2025,10.1016/j.envres.2025.122952,,滨海湿地/盐沼
Medium-sized anammox granules achieve the optimal synergism between AnAOB and HDB via nitrite cycle,Da Kang; Xinyu Wan; Jiqiang Zhang; Shuang Ding; Ping Zheng; Yongzhen Peng,Journal of Cleaner Production,2023,10.1016/j.jclepro.2023.139103,,背景文献
Keystone bacterial functional module activates P-mineralizing genes to enhance enzymatic hydrolysis of organic P in a subtropical forest soil with 5-year N addition,Quanxin Zeng; Josep Peñuelas; Jordi Sardans; Qiufang Zhang; Jiacong Zhou; Kai Yue; Yuehmin Chen; Yusheng Yang,Soil Biology and Biochemistry,2024,10.1016/j.soilbio.2024.109383,,背景文献
Methane-dependent complete denitrification by a single Methylomirabilis bacterium,Xiangwu Yao; Jiaqi Wang; Mingyue He; Zishu Liu; Yuxiang Zhao; Yufen Li; Taolve Chi; Lin Zhu,Nature Microbiology,2024,10.1038/s41564-023-01578-6,,氮循环过程
Deciphering the microbial mechanisms underlying glucose induced soil priming effects under low and high nutrient levels,Jiaqi Wang; Xichang Zhang; Yingyi Fu; Lukas Van Zwieten; Han Sun; Georg Guggenberger; Lingfei Hu; Yu Luo,European Journal of Soil Biology,2025,10.1016/j.ejsobi.2025.103757,,背景文献
Spartina alterniflora invasion decouples multiple elements in coastal wetland soils,Haobo Wu; Zhongsheng Zhang; Wenwen Zhao; Hongbiao Jin; Luan Sang; Haitao Wu,The Science of The Total Environment,2024,10.1016/j.scitotenv.2024.171502,,滨海湿地/盐沼；湿地植被/盐生植物
"Effects of Spartina alterniflora Invasion on Soil Carbon, Nitrogen and Phosphorus in Yancheng Coastal Wetlands",Yufeng Sheng; Z. Luan; Dandan Yan; Jingtai Li; Siying Xie; Yao Liu; Li Chen; Min Li,Land,2022,10.3390/land11122218,"The rapid invasion of Spartina alterniflora threatens the ability of soils to store carbon (C), nitrogen (N) and phosphorus (P) in coastal wetlands. This study analyzed the temporal and spatial distribution characteristics of soil C, N and P in Spartina alterniflora wetland in the Dafeng Elk Nature Reserve of Yancheng, China, in different invasion stages from 1995 to 2020. The results suggest that: (1) the invasion of Spartina alterniflora increased the content and storage of soil C and N, and decreased the content and storage of soil P; (2) altered soil properties caused by Spartina alterniflora invasion also indirectly affected the accumulation of soil C, N and P in wetland ecosystem. Organic carbon (SOC), total nitrogen (TN) and total phosphorus (TP) were positively correlated with soil moisture content (SMC) and electrical conductivity (SEC), and negatively correlated with bulk density (SBD) and pH; (3) Spartina alterniflora invasion increased soil C/P and N/P, and decreased soil C/N. In conclusion, Spartina alterniflora invasion has changed the ecosystem, increased the storage capacity of soil C and N in the invasive ecosystem, but reduced the storage capacity of soil P to a certain extent.",滨海湿地/盐沼；湿地植被/盐生植物
Soil carbon-fixing bacterial communities respond to plant community change in coastal salt marsh wetlands,Qihang Liao; Chao Lu; Yuan Feng; Qinya Fan; Hongyu Chen; Lin Yang; Penghua Qiu; Ziyue Feng,Applied Soil Ecology,2023,10.1016/j.apsoil.2023.104918,,滨海湿地/盐沼
Salinity-driven differentiation of bacterial and fungal communities in coastal wetlands: Contrasting assembly processes and spatial dynamics,Jisheng Xu; Lin Chen; Tantan Zhou; Congzhi Zhang; Jiabao Zhang; Bingzi Zhao,Environmental Research,2025,10.1016/j.envres.2025.121895,,滨海湿地/盐沼
"Coupled pyrite and sulfur autotrophic denitrification for simultaneous removal of nitrogen and phosphorus from secondary effluent: feasibility, performance and mechanisms",Zhiqiang Chen; Chao Pang; Qinxue Wen,Water Research,2023,10.1016/j.watres.2023.120422,,氮循环过程
Polyethylene and polyvinyl chloride microplastics promote soil nitrification and alter the composition of key nitrogen functional bacterial groups,Shunyin Huang; Ting Guo; Zhen Feng; Baochen Li; Yimin Cai; Da Ouyang; Williamson Gustave; Chengfei Ying,Journal of Hazardous Materials,2023,10.1016/j.jhazmat.2023.131391,,氮循环过程
C:N:P stoichiometry responses to 10 years of nitrogen addition differ across soil components and plant organs in a subtropical Pleioblastus amarus forest,Zengyan Li; Xirong Qiu; Yu Sun; Sining Liu; Hongling Hu; Jiulong Xie; Gang Chen; Yinlong Xiao,The Science of The Total Environment,2021,10.1016/j.scitotenv.2021.148925,,氮添加/氮沉降
How climate and soil properties affect the abundances of nitrogen-cycling genes in nitrogen-treated ecosystems: a meta-analysis,Jingyi Dong; Jiaqi Zhang; Yinghui Liu; Haichao Jing,Plant and Soil,2022,10.1007/s11104-022-05420-6,,背景文献
"Legacy effects of wheat season organic fertilizer addition on microbial co-occurrence networks, soil function, and yield of the subsequent maize season in a wheat-maize rotation system",Guochun Li; Wenquan Niu; Li Ma; Yadan Du; Qian Zhang; Jun Sun; Kadambot H. M. Siddique,Journal of Environmental Management,2023,10.1016/j.jenvman.2023.119160,,背景文献
Seasonality and assembly of soil microbial communities in coastal salt marshes invaded by a perennial grass,Guangliang Zhang; Jia Jia; Qingqing Zhao; Wei Wang; Dawei Wang; Junhong Bai,Journal of Environmental Management,2023,10.1016/j.jenvman.2023.117247,,滨海湿地/盐沼
Response of topsoil Fe-bound organic carbon pool and microbial community to Spartina alterniflora invasion in coastal wetlands,Meifen Lin; Yu Chen; Liwen Cheng; Yi Zheng; Weiqi Wang; Jordi Sardans; Zhaoliang Song; Georg Guggenberger,CATENA,2023,10.1016/j.catena.2023.107414,,滨海湿地/盐沼；湿地植被/盐生植物；微生物群落
Spartina alterniflora invasion exacerbates soil microbial carbon and phosphorus co-limitations and alters microbial carbon and nitrogen use efficiency in the coastal wetlands of eastern China,Tingting Nong; Xitong Yang; Rou Pan; Yuxuan Zhao; Xiangyu Liu; Jiahui Wang; Zheng Yin; Bin Yan,Ecological Processes,2025,10.1186/s13717-025-00637-6,,滨海湿地/盐沼；湿地植被/盐生植物
Higher Abundance of Ammonia Oxidizing Archaea than Ammonia Oxidizing Bacteria and Their Communities in Tibetan Alpine Meadow Soils under Long-term Nitrogen Fertilization,Rui Xiao; Binze Chen; Yongjun Liu; Chuanpei Wang; Ji-Dong Gu; Huyuan Feng; Guozhen Du; Xiaojun Ma,Geomicrobiology Journal,2014,10.1080/01490451.2013.875298,,氮添加/氮沉降
High-efficient nitrogen removal with low demand of Fe source and mechanism analysis driven by Fe(II)/Fe(III) cycle,Xiaojing Hao; Wei Zeng; Jianmin Li; Mengjia Zhan; Haohao Miao; Qingteng Gong,Chemical Engineering Journal,2024,10.1016/j.cej.2024.148702,,背景文献
Aggravation of nitrous oxide emissions driven by burrowing crab activities in intertidal marsh soils: Mechanisms and environmental implications,Zhirui An; Yanling Zheng; Lijun Hou; Dengzhou Gao; Feiyang Chen; Jie Zhou; Bolin Liu; Li Wu,Soil Biology and Biochemistry,2022,10.1016/j.soilbio.2022.108732,,滨海湿地/盐沼
Responses of edaphic factors and microbial community to terrestrial succession and experimental warming in coastal salt marshes,Zhen Wang; Shanshan Song; Tongtong Song; Lin Yuan; Chao Zhang,Pedobiologia,2022,10.1016/j.pedobi.2022.150821,,滨海湿地/盐沼；微生物群落
Study on the screening of high-efficiency salt and alkali-tolerant microbial agents and their roles and mechanisms in enhancing saline-alkaline soil remediation,Dapeng Li; Zhen Qi; Jieyu Guo; Tao Wang; Xianyue Li; Ning Hou,Journal of Cleaner Production,2025,10.1016/j.jclepro.2025.145992,,背景文献
"Nitrogen transformation promotes the anaerobic degradation of PAHs in water level fluctuation zone of the Three Gorges Reservoir in Yangtze River, China: Evidences derived from in-situ experiment",Shupei Yuan; Xinkuan Han; Xiangyang Yin; Peixing Su; Yiying Zhang; Yinfei Liu; Juntong Zhang; Daijun Zhang,The Science of The Total Environment,2022,10.1016/j.scitotenv.2022.161034,,背景文献
Endophytic fungi as direct plant growth promoters for sustainable agricultural production,Jorge Poveda; Daniel Eugui; Patricia Abril‐Urías; Pablo Velasco,Symbiosis,2021,10.1007/s13199-021-00789-x,,背景文献
Nitrogen cycling in plant and soil subsystems is driven by changes in soil salinity following coastal embankment in typical coastal saltmarsh ecosystems of Eastern China,Hongyu Feng; Hui Zhao; Lu Xia; Wen Yang; Yongqiang Zhao; Nasreen Jeelani; Shuqing An,Ecological Engineering,2021,10.1016/j.ecoleng.2021.106467,,滨海湿地/盐沼
Kalidium cuspidatum colonization changes the structure and function of salt crust microbial communities,Yaqing Pan; Peng Kang; Yaqi Zhang; Xinrong Li,Environmental Science and Pollution Research,2024,10.1007/s11356-024-32364-4,,背景文献
"Soil salinity, not plant genotype or geographical distance, shapes soil microbial community of a reed wetland at a fine scale in the Yellow River Delta",Lele Liu; Yiming Wu; Meiqi Yin; Xiangyan Ma; Xiaona Yu; Xiao Guo; Ning Du; Franziska Eller,The Science of The Total Environment,2022,10.1016/j.scitotenv.2022.159136,,滨海湿地/盐沼；微生物群落
"Vegetation succession enhances microbial diversity, network complexity, and stability in coastal wetlands, underscoring the pivotal role of soil salinity and key microbial species",Jilin Zhang; Qing Zhang; Chunyu Zhang; Renqing Wang; Hui Wang; Qing Zhang,Journal of Environmental Management,2025,10.1016/j.jenvman.2025.125997,,滨海湿地/盐沼
Nitrogen addition reduces phosphorus availability and induces a shift in soil phosphorus cycling microbial community in a tea (Camellia sinensis L.) plantation,Yanyan Jiang; Xiangde Yang; Kang Ni; Lifeng Ma; Yuanzhi Shi; Yu Wang; Yanjiang Cai; Qingxu Ma,Journal of Environmental Management,2023,10.1016/j.jenvman.2023.118207,,氮添加/氮沉降；微生物群落
Consistent effects of nitrogen addition on soil microbial communities across three successional stages in tropical forest ecosystems,Huiling Guan; Yongqun Zhang; Qinggong Mao; Buqing Zhong; Weibin Chen; Jiangming Mo; Faming Wang; X. L. Lu,CATENA,2023,10.1016/j.catena.2023.107116,,氮添加/氮沉降
Salinity reduces site quality and mangrove forest functions. From monitoring to understanding,Shamim Ahmed; Swapan Kumar Sarker; Daniel A. Friess; Md. Kamruzzaman; Martin Jacobs; Md. Akramul Islam; Md Azharul Alam; Mohammad Jamil Suvo,The Science of The Total Environment,2022,10.1016/j.scitotenv.2022.158662,") to the salinity and functional variable relationships. In this study, we found that rises in salinity significantly impede forest growth and produce less productive ecosystems dominated by dwarf species while reducing stand structural properties (i.e., tree height, basal area, dominant tree height, LAI), soil carbon (organic and root carbon), and macronutrient availability in the soil (e.g., NH4+, P, and K). Besides, species-specific leaf area (related to resource acquisition) also decreased with salinity, whereas wood density (related to resource conservation) increased. We observed a declining abundance of the salt-intolerant climax species (Heritiera fomes) and dominance of the salt-tolerant species (Excoecaria agallocha, Ceriops decandra) in the high saline areas. In the case of biotic and abiotic factors, salinity and salinity-driven gap fraction (high transmission of light) had a strong negative impact on functional variables, while nutrients and LAI had a positive impact. In addition, the power-law explained the consistent decline of functional variables with salinity. Our study disentangles the negative effects of salinity on site quality in the Sundarbans mangrove ecosystem, and we recognize that nutrient availability and LAI are likely to buffer the less salt-tolerant species to maintain the ability to sequester carbon with sea-level rise. These novel findings advance our understanding of how a single stressor-salinity-can shape mangrove structure, functions, and productivity and offer decision makers a much-needed scientific basis for developing pragmatic ecosystem management and conservation plans in highly stressed coastal ecosystems across the globe.",滨海湿地/盐沼
Enzymatic activity and functional diversity of soil microorganisms along the soil profile – A matter of soil depth and soil-forming processes,Anna Piotrowska‐Długosz; Jacek Długosz; Magdalena Frąc; Agata Gryta; Barbara Breza-Boruta,Geoderma,2022,10.1016/j.geoderma.2022.115779,,微生物群落
Microbial traits drive soil priming effect in response to nitrogen addition along an alpine forest elevation gradient,Tiantian Ma; Yabin Zhan; Wenjie Chen; Zhuonan Hou; Shengyang Chai; Junling Zhang; Xinjun Zhang; Ruihong Wang,The Science of The Total Environment,2023,10.1016/j.scitotenv.2023.167970,,氮添加/氮沉降
Introduction of broadleaf species into monospecific Cunninghamia lanceolata plantations changed the soil Acidobacteria subgroups composition and nitrogen-cycling gene abundances,Yuting Zhang; Kai Ding; Kim Yrjälä; Haiyan Liu; Zaikang Tong; Junhong Zhang,Plant and Soil,2021,10.1007/s11104-021-05014-8,,背景文献
"Effects of land-use on soil C, N, and P stocks and stoichiometry in coastal wetlands dependent on soil depth and latitude",Jing Xiong; Xuexin Shao; Niu Li; Haijing Yuan; Enjun Liu; Ming C. Wu,CATENA,2024,10.1016/j.catena.2024.107999,,滨海湿地/盐沼
Invasion of Spartina alterniflora Reshapes Sediment Nitrogen Fixation Process in Native Zostera japonica Seagrass Beds,Lin Yang; Xinju Huang; Shaojie Zhu; Zhimin Song; Xin Wang; Zheng Liu; Qianqian Zhang; Zhihai Zhong,"Estuarine, Coastal and Shelf Science",2026,10.1016/j.ecss.2026.109958,,氮循环过程；滨海湿地/盐沼；湿地植被/盐生植物
Extensive global wetland loss over the past three centuries,Etienne Fluet‐Chouinard; Benjamin D. Stocker; Zhen Zhang; Avni Malhotra; Joe R. Melton; Benjamin Poulter; Jed O. Kaplan; Kees Klein Goldewijk,Nature,2023,10.1038/s41586-022-05572-6,,滨海湿地/盐沼
"Decoupling soil community structure, functional composition, and nitrogen metabolic activity driven by salinity in coastal wetlands",Mingcong Li; Wenxi Zhou; Mengyue Sun; Wenchong Shi; Jiaqi Lun; Bo Zhou; Lijun Hou; Zheng Gao,Soil Biology and Biochemistry,2024,10.1016/j.soilbio.2024.109547,,滨海湿地/盐沼
Effects of plants and soil microorganisms on organic carbon and the relationship between carbon and nitrogen in constructed wetlands,Yan Wang; Fan Wu; Xin Li; Changchao Li; Yongkang Zhao; Yuxue Gao; Jian Liu,Environmental Science and Pollution Research,2023,10.1007/s11356-023-26489-1,,滨海湿地/盐沼；微生物群落
Salt marsh expansion into estuarine mangrove mudflats reduces nitrogen removal capacity,Fenfang Wang; Zeyang Lu; Craig Tobias; Yao Wang; Kai Xiao; Qibiao Yu; Jingjie Lin; Guanmin Huang,CATENA,2023,10.1016/j.catena.2023.107459,,滨海湿地/盐沼
Impact of salinity gradients on nitric oxide emissions and functional microbes in estuarine wetland sediments,Jiang‐Chen Gong; Bing‐Han Li; Chun‐Ying Liu; Peifeng Li; Jingwen Hu; Gui‐Peng Yang,Water Research,2024,10.1016/j.watres.2024.123046,,滨海湿地/盐沼
Mechanisms of plant-derived and microbial residue carbon in coastal wetland soils in response to salinity gradients,Xinkun Zhao; Jingyu Sun; Chenmiao Liu; Enyue Zhang; Guoliang Zhao; Qingfeng Chen,CATENA,2025,10.1016/j.catena.2025.109108,,滨海湿地/盐沼
Effect of silver nanoparticles on nitrogen-cycling bacteria in constructed wetlands,Monolina Sarkar,Nanotechnology for Environmental Engineering,2022,10.1007/s41204-021-00192-3,,滨海湿地/盐沼
Enhanced degradation of petroleum in saline soil by nitrogen stimulation and halophilic emulsifying bacteria Bacillus sp. Z-13,Shuhui Zhang; Mengru Zhang; Fei Han; Zhe Liu; Chuanfu Zhao; Jianhua Lei; Weizhi Zhou,Journal of Hazardous Materials,2023,10.1016/j.jhazmat.2023.132102,,背景文献
"Bacterial communities and interactions between macrobenthos and microorganisms after Spartina alterniflora invasion and Kandelia obovata plantation in Yueqing Bay, China",Li Song; Qiuxuan Wang; Yanan Di; Jiaping Wu,Ecohydrology & Hydrobiology,2024,10.1016/j.ecohyd.2024.01.001,,湿地植被/盐生植物；微生物群落
Impacts of Spartina alterniflora invasion on coastal carbon cycling within a native Phragmites australis-dominated wetland,Ying Huang; Jiangtao Wang; Pengfei Wu; Zheng Duan; Xiuzhen Li; Jianwu Tang,Agricultural and Forest Meteorology,2025,10.1016/j.agrformet.2025.110405,,滨海湿地/盐沼；湿地植被/盐生植物
Invasion mechanism of Spartina alterniflora by regulating soil sulfur and iron cycling and microbial composition in the Jiuduansha Wetland,Yuanhang Li; Jing Hua; Yanxiang Tao; Chiquan He,Environmental science and pollution research international,2024,10.1007/s11356-024-32118-2,,滨海湿地/盐沼；湿地植被/盐生植物
Nitrogen input promotes denitrifying methanotrophs’ abundance and contribution to methane emission reduction in coastal wetland and paddy soil,Jiaqi Wang; Xiangwu Yao; Zhongjun Jia; Lizhong Zhu; Ping Zheng; Boran Kartal; Baolan Hu,Environmental Pollution,2022,10.1016/j.envpol.2022.119090,,滨海湿地/盐沼
Soil nitrogen content and key functional microorganisms influence the response of wetland anaerobic oxidation of methane to trivalent iron input,Zihao Wang; Kun Li; Feifei Yan; Qingyue Xiang; Xinkun Zhao; Linhui Ji; Xin Yu; Jingyu Sun,Chemosphere,2023,10.1016/j.chemosphere.2023.138183,,滨海湿地/盐沼；微生物群落
"Effects of anthropogenic activities on soil microbial communities and greenhouse gas fluxes in coastal wetlands of the Yellow River Delta, China",Jingyu Sun; Xiaoya Xu; Zihao Wang; Kun Li; Chenmiao Liu; Li Chen; Zhengxi Cai; Xinkun Zhao,Journal of Environmental Sciences,2025,10.1016/j.jes.2025.08.066,,滨海湿地/盐沼
"Effects of nanopolystyrene addition on nitrogen fertilizer fate, gaseous loss of N from the soil, and soil microbial community composition",Ziheng Zou; Shuqing Li; Jie Wu; Shumin Guo; Yihe Zhang; Mengyuan Huang; Eugenia Valsami‐Jones; Iseult Lynch,Journal of Hazardous Materials,2022,10.1016/j.jhazmat.2022.129509,,微生物群落
Bacterial biogeography in China and its association to land use and soil organic carbon,Tao Lu; Nuohan Xu; Chaotang Lei; Qi Zhang; Zhenyan Zhang; Liwei Sun; Feng He; Ning‐Yi Zhou,Soil Ecology Letters,2023,10.1007/s42832-023-0172-8,,背景文献
Long-term excess nitrogen fertilizer increases sensitivity of soil microbial community to seasonal change revealed by ecological network and metagenome analyses,Bingbing Li; Sarah S. Roley; David S. Duncan; Jiarong Guo; John F. Quensen; Hanqing Yu; James M. Tiedje,Soil Biology and Biochemistry,2021,10.1016/j.soilbio.2021.108349,,微生物群落
Global patterns and drivers of soil nematodes in response to nitrogen enrichment,Xing Wen; Xiaoming Lu; Shuli Niu; Dima Chen; Jinsong Wang; Ya Liu; Bingxue Wang; Shuang Zhang,CATENA,2022,10.1016/j.catena.2022.106235,,氮添加/氮沉降
Short-term N addition in a Pinus tabuliformis plantation: Microbial community composition and interactions show different linkages with ecological stoichiometry,Jiaoyang Zhang; Zemin Ai; Hongfei Liu; Darrell W.S. Tang; Xiaomei Yang; Guoliang Wang; Ying Liu; Guobin Liu,Applied Soil Ecology,2022,10.1016/j.apsoil.2022.104422,,微生物群落
Spartina alterniflora invasion differentially alters microbial residues and their contribution to soil organic C in coastal marsh and mangrove wetlands,Xueli Ding; Weiqi Wang; Jiahui Wen; Tianshu Feng; Josep Peñuelas; Jordi Sardans; Chao Liang; Evgenios Agathokleous,CATENA,2023,10.1016/j.catena.2023.107246,,滨海湿地/盐沼；湿地植被/盐生植物
Spartina alterniflora invasion changed enrichment and coupling characteristics of multiple elements in coastal marsh sediment of the Yellow River Delta,Meijie Zheng; Zhongsheng Zhang; Shan Jiang; Xin Yuan; Xuehui Zhang; Dongmei Zheng; Haitao Wu,Applied Geochemistry,2022,10.1016/j.apgeochem.2022.105517,,滨海湿地/盐沼；湿地植被/盐生植物
Abundance and community structure of ammonia-oxidizing bacteria and archaea in purple soil under long-term fertilization,Zhifeng Zhou; Xiaojun Shi; Yong Zheng; Zixian Qin; Deti Xie; Zhenlun Li; Tao Guo,European Journal of Soil Biology,2014,10.1016/j.ejsobi.2013.10.003,,氮添加/氮沉降
Nitrogen transformations in constructed wetlands: A closer look at plant-soil interactions using chemical imaging,Samantha C. Nyer; Nils Volkenborn; Robert C. Aller; Molly Graffam; Qingzhi Zhu; R.E. Price,The Science of The Total Environment,2021,10.1016/j.scitotenv.2021.151560,,滨海湿地/盐沼
Porewater exchange drives nutrient cycling and export in a mangrove-salt marsh ecotone,Fenfang Wang; Kai Xiao; Isaac R. Santos; Zeyang Lu; Joseph Tamborski; Yao Wang; Ruifeng Yan; Nengwang Chen,Journal of Hydrology,2021,10.1016/j.jhydrol.2021.127401,,滨海湿地/盐沼
Bacterial and fungal communities exhibit contrasting patterns in response to marsh erosion: A fine-scale observation,Minjie Hu; Dongyao Sun; Jordi Sardans; Ruibing Yan; Hui Wu; Ranxu Ni; Josep Peñuelas,CATENA,2024,10.1016/j.catena.2024.108231,,背景文献
Effects of nitrogen and phosphorus additions on soil microbial community structure and ecological processes in the farmland of Chinese Loess Plateau,Zhaoyang Kou; Chunyue Li; Shun Chang; Yu Miao; Wenting Zhang; Qianxue Li; Tinghui Dang; Yi Wang,Journal of Arid Land,2023,10.1007/s40333-023-0023-6,,微生物群落
Partial substitution of chemical fertilizer with organic fertilizer and slow-release fertilizer benefits soil microbial diversity and pineapple fruit yield in the tropics,Xin Jin; Jinwen Cai; Shuyun Yang; Shoupeng Li; Xujie Shao; Chunmin Fu; Changzhen Li; Changzhen Li,Applied Soil Ecology,2023,10.1016/j.apsoil.2023.104974,,背景文献
Characterization of the responses of soil micro-organisms to azoxystrobin and the residue dynamics of azoxystrobin in wheat–corn rotation fields over two years,Chengbo Lu; Kaixuan Hou; Tongtong Zhou; Xiaole Wang; Jingwen Zhang; Chao Cheng; Zhongkun Du; Bing Li,Chemosphere,2023,10.1016/j.chemosphere.2023.137918,,背景文献
Spartina alterniflora raised soil sulfide content by regulating sulfur cycle-associated bacteria in the Jiuduansha Wetland of China,Chi He; Liyu Cheng; Daoyuan Wang; Zhenzhen Zhao; Zhenyu Wang; Feifei Wang; Xiaoxi Wang; Pu Zhang,Plant and Soil,2021,10.1007/s11104-021-05154-x,,滨海湿地/盐沼；湿地植被/盐生植物
[Impacts of Spartina alterniflora invasion on coastal wetland ecosystem: Advances and prospects].,Xuefeng Xie; Xiao-Min Sun; Tao Wu; Guojun Jiang; L. Pu; Qi Xiang,Ying yong sheng tai xue bao = The journal of applied ecology,2020,10.13287/j.1001-9332.202006.032,,滨海湿地/盐沼；湿地植被/盐生植物
The spatial overlapping regulated by nitrogen promotes the Spartina alterniflora potential invasion in coastal wetlands,Peng Jia; Guojuan Qu; Jing Jia; Changan Liu; Dezhi Li,Ocean & Coastal Management,2024,10.1016/j.ocecoaman.2024.107260,,滨海湿地/盐沼；湿地植被/盐生植物
Coupling and decoupling of soil carbon and nutrients cycles at different salinity levels in a mangrove wetland: Insights from CUE and enzymatic stoichiometry,Haixiao Zhao; Sibo Zhang; Wei Yang; Feiyang Xia; Hongjiang Guo; Qian Tan,The Science of The Total Environment,2024,10.1016/j.scitotenv.2024.171039,,滨海湿地/盐沼
"Denitrifying anaerobic methane oxidation and mechanisms influencing it in Yellow River Delta coastal wetland soil, China",Zihao Wang; Jinye Li; Xiaoya Xu; Kun Li; Qingfeng Chen,Chemosphere,2022,10.1016/j.chemosphere.2022.134345,,滨海湿地/盐沼
Source and degradation of soil organic matter in different vegetations along a salinity gradient in the Yellow River Delta wetland,Xin Ni; Guangming Zhao; John R. White; Peng Yao; Kehui Xu; Yadav Sapkota; Jiancong Liu; Hao Zheng,CATENA,2024,10.1016/j.catena.2024.108603,,滨海湿地/盐沼
Coupling of soil methane emissions at different depths under typical coastal wetland vegetation types,Kun Li; Zihao Wang; Qingyue Xiang; Xinkun Zhao; Linhui Ji; Xin Yu; Jingyu Sun; Chenmiao Liu,Chemosphere,2023,10.1016/j.chemosphere.2023.139505,,滨海湿地/盐沼
"Biodegradable microplastics pose greater risks than conventional microplastics to soil properties, microbial community and plant growth, especially under flooded conditions",Jie Wang; Minghao Jia; Long Zhang; Xiaona Li; Xiaokai Zhang; Zhenyu Wang,The Science of The Total Environment,2024,10.1016/j.scitotenv.2024.172949,,微生物群落
Species shifts induce soil organic matter priming and changes in microbial communities,Blanca Bernal; Sung-Hyun Kim; Thomas J. Mozdzer,The Science of The Total Environment,2022,10.1016/j.scitotenv.2022.159956,,背景文献
Microbially mediated Fe-N coupled cycling at different hydrological regimes in riparian wetland,Yuexia Wu; Ligang Xu; Zhenglu Wang; Junxiang Cheng; Jilai Lu; Hailin You; Xiaodong Zhang,The Science of The Total Environment,2022,10.1016/j.scitotenv.2022.158237,,滨海湿地/盐沼
Nitrogen addition stimulates priming effect in a subtropical forest soil,Qiufang Zhang; Lei Cheng; Jiguang Feng; Kongcan Mei; Quanxin Zeng; Biao Zhu; Yuehmin Chen,Soil Biology and Biochemistry,2021,10.1016/j.soilbio.2021.108339,,氮添加/氮沉降
Soil Acidification Under Long-Term N Addition Decreases the Diversity of Soil Bacteria and Fungi and Changes Their Community Composition in a Semiarid Grassland,Bing Song; Yong Li; Liuyi Yang; Huiqiu Shi; Linghao Li; Wenming Bai; Ying Zhao,Microbial Ecology,2022,10.1007/s00248-021-01954-x,,背景文献
High soil bacterial diversity increases the stability of the community under grazing and nitrogen,Muhammad Usman; Mengyuan Wang; Yang Liu; Lan Li; Xiumin Zhang; Tianhao Xiao; Fujiang Hou,Soil and Tillage Research,2024,10.1016/j.still.2024.106414,,背景文献
Plant- and microbial-mediated soil organic carbon accumulation in Spartina alterniflora salt marshes,Qihang Liao; Yuan Feng; Qinya Fan; Hongyu Chen; Yameng Wang; Chuchu Zhang; Chao Lu; Penghua Qiu,CATENA,2023,10.1016/j.catena.2023.107777,,滨海湿地/盐沼；湿地植被/盐生植物
Exotic Spartina alterniflora Loisel. Invasion significantly shifts soil bacterial communities with the successional gradient of saltmarsh in eastern China,Wen Yang; A. Cai; Jinsong Wang; Yiqi Luo; Xiaoli Cheng; S. An,Plant and Soil,2020,10.1007/s11104-020-04470-y,,湿地植被/盐生植物
Plant Species–Driven Distribution of Individual Clades of Comammox Nitrospira in a Subtropical Estuarine Wetland,Yongxin Lin; Guiping Ye; Hangwei Hu; Ping Yang; Song Wan; Mengmeng Feng; Zi-Yang He; Ji‐Zheng He,Microbial Ecology,2022,10.1007/s00248-021-01940-3,,滨海湿地/盐沼
Differential responses of ammonia-oxidizing archaea and bacteria to long-term fertilization in a New England salt marsh,Xuefeng Peng; Erik Yando; Erica Hildebrand; Courtney Dwyer; Anne Kearney; Alex Waciega; Ivan Valiela; Anne E. Bernhard,Frontiers in Microbiology,2013,10.3389/fmicb.2012.00445,,氮添加/氮沉降；滨海湿地/盐沼
Ammonia-oxidizing bacteria and archaea exhibit differential nitrogen source preferences,Wei Qin; Stephany P. Wei; Yue Zheng; Eunkyung Choi; Xiangpeng Li; Juliet Johnston; Xianhui Wan; Britt Abrahamson,Nature Microbiology,2024,10.1038/s41564-023-01593-7,,背景文献
Feammox in alluvial-lacustrine aquifer system: Nitrogen/iron isotopic and biogeochemical evidences,Yaojin Xiong; Yao Du; Yamin Deng; Teng Ma; Yanxin Wang,Water Research,2022,10.1016/j.watres.2022.118867,,背景文献
Effects of inorganic nitrogen enrichment on soil CH4 and CO2 production in freshwater and mesohaline marshes across six estuaries in China,Chuan Tong; F. R. Hu; Pengfei Zhan; Ji Tan; Jiafang Huang; Kam W. Tang,CATENA,2024,10.1016/j.catena.2024.108473,,氮添加/氮沉降
Climatic and soil factors explain the two-dimensional spectrum of global plant trait variation,Julia Joswig; Christian Wirth; Meredith C. Schuman; Jens Kattge; Björn Reu; Ian J. Wright; Sebastian Sippel; Nadja Rüger,Nature Ecology & Evolution,2021,10.1038/s41559-021-01616-8,"Plant functional traits can predict community assembly and ecosystem functioning and are thus widely used in global models of vegetation dynamics and land-climate feedbacks. Still, we lack a global understanding of how land and climate affect plant traits. A previous global analysis of six traits observed two main axes of variation: (1) size variation at the organ and plant level and (2) leaf economics balancing leaf persistence against plant growth potential. The orthogonality of these two axes suggests they are differently influenced by environmental drivers. We find that these axes persist in a global dataset of 17 traits across more than 20,000 species. We find a dominant joint effect of climate and soil on trait variation. Additional independent climate effects are also observed across most traits, whereas independent soil effects are almost exclusively observed for economics traits. Variation in size traits correlates well with a latitudinal gradient related to water or energy limitation. In contrast, variation in economics traits is better explained by interactions of climate with soil fertility. These findings have the potential to improve our understanding of biodiversity patterns and our predictions of climate change impacts on biogeochemical cycles.",背景文献
"Composition and assembly mechanisms of prokaryotic communities in wetlands, and their relationships with different vegetation and reclamation methods",Sarfraz Hussain; Min Chen; Yuhong Liu; Ghulam Mustafa; Xue Wang; Jiayuan Liu; Taha Majid Mahmood Sheikh; H. Bano,The Science of The Total Environment,2023,10.1016/j.scitotenv.2023.166190,,滨海湿地/盐沼
Conversion of coastal wetlands to paddy fields substantially decreases methane oxidation potential and methanotrophic abundance on the eastern coast of China,Yuling Yang; Weiqi Wang; Qinan Hu; Xiaochen Yao; Wangting Yang; Sile Wen; Haikun Wu; Jinghao Jin,Water Research,2024,10.1016/j.watres.2024.122962,,滨海湿地/盐沼
Amino acid nitrogen trends in paddy soils under long-term rice cultivation in southeast coast of China,Jinhua Pan; Jin Wang; Shunyao Zhuang,CATENA,2022,10.1016/j.catena.2022.106044,,背景文献
Nitrogen removal by eutrophic coastal wetlands accomplished with CH4 emission reduction,Hualei Yang; Xuechu Chen; Chunsong Zhang; Mingming Zhao; Xinmeng Zhao; Danielle C. Perry; Jianwu Tang,Journal of Cleaner Production,2021,10.1016/j.jclepro.2021.130082,,滨海湿地/盐沼
Performance of tidal and non-tidal mangrove constructed wetlands in treating maricultural wastewater,Tingfeng Zhang; Chaoxiang Liu; Lili Wei; Shaohua Tian; Jie Li; Patrick Ndayambaje; Xu Huang; Lin Liu,Water Science & Technology,2022,10.2166/wst.2022.103,"Abstract This study aims to evaluate the removal efficiency of nitrogen and phosphorus in the tidal and non-tidal constructed wetlands with typical mangrove (Aegiceras corniculatum) as a wetland plant model to treat simulated marine wastewater. The results showed that the average removals of NO2−-N, NO3−-N, NH4+-N, TN and TP were 88.4, 80.5, 81.4, 79.7 and 40.8%, respectively, in the non-tidal subsurface flow (HF) mangrove wetland, and 65.3, 61.3, 90.6, 60.1 and 19.2% in the tidal (TF) mangrove wetland, and 11.4, 64.6, 68.7, 56.6 and 16.3% in the non-tidal free water surface (FWS) mangrove wetland, respectively. Moreover, it was observed that the composition of microbial communities in the HF mangrove wetland was beneficial to the nitrogen cycle and has more quantitative associations of N-metabolism genes. The results indicated that non-tidal HF mangrove wetland has a stable and an effective capacity for potential treatment of marine wastewater compared with the non-tidal FWS mangrove wetland and tidal TF mangrove wetland.",滨海湿地/盐沼
The addition of biochar and nitrogen alters the microbial community and their cooccurrence network by affecting soil properties,Minshu Yuan; Xiao‐Zhen Zhu; Haoran Sun; Jingrong Song; Chen Li; Yufang Shen; Shiqing Li,Chemosphere,2022,10.1016/j.chemosphere.2022.137101,,微生物群落
Divergent responses of soil microbial community to long-term nitrogen and phosphorus additions in a subtropical Chinese fir plantation,Fangchao Wang; Qiao Liu; Xiaofei Hu; Xiang-Min Fang; Shengnan Wang; Fusheng Chen,CATENA,2024,10.1016/j.catena.2024.108132,,微生物群落
Linking nitrogen- and straw-sensitive indicator species and their co-occurrences to priming effect in agricultural soil exposed to long-term nitrogen fertilization,Hewei Chen; Wenjuan Li; Wanning Zheng; Chang Yin; Xiaoping Fan; Mujun Ye; Zixiang Gao; Chunyan Wu,Soil Biology and Biochemistry,2022,10.1016/j.soilbio.2022.108881,,氮添加/氮沉降
Microbial investigations of new hydrogel-biochar composites as soil amendments for simultaneous nitrogen-use improvement and heavy metal immobilization,Lixun Zhang; Yuntao Guan,Journal of Hazardous Materials,2021,10.1016/j.jhazmat.2021.127154,,背景文献
Meta-analysis of the impacts of phosphorus addition on soil microbes,Wenchao Wu; Fang Wang; Anquan Xia; Zejin Zhang; Zongsong Wang; Kui Wang; Junfu Dong; Tong Li,Agriculture Ecosystems & Environment,2022,10.1016/j.agee.2022.108180,,背景文献
Long-term warming reduced microbial biomass but increased recent plant-derived C in microbes of a subarctic grassland,Niel Verbrigghe; Kathiravan Meeran; Michael Bahn; Alberto Canarini; Erik Fransén; Lucia Fuchslueger; Johannes Ingrisch; Ivan A. Janssens,Soil Biology and Biochemistry,2022,10.1016/j.soilbio.2022.108590,,背景文献
Soil microbial carbon and nitrogen limitation constraints soil organic carbon stability in arid and semi-arid grasslands,Mengyao Wu; Lin Chen; Shenggang Chen; Yinglong Chen; Jinpeng Ma; Yaqi Zhang; Danbo Pang; Xuebin Li,Journal of Environmental Management,2024,10.1016/j.jenvman.2024.123675,,背景文献
"Climate warming, but not Spartina alterniflora invasion, enhances wetland soil HONO and NOx emissions.",Dianming Wu; Lin Deng; Yihua Sun; Ruhai Wang; Li Zhang; Rui Wang; Yaqi Song; Zhiwei Gao,Science of the Total Environment,2022,10.1016/j.scitotenv.2022.153710,,滨海湿地/盐沼；湿地植被/盐生植物
Where Sea Meets Land,Kaja Bałazy,ACADEMIA. The magazine of the Polish Academy of Sciences,2024,10.24425/academiapas.2024.151182,How much can a small crustacean teach us?,背景文献
Where Land Meets Sea,Anna Ryan,,2016,10.4324/9781315547305,,背景文献
Where sea meets land,,A Less Green and Pleasant Land,2015,10.1017/cbo9781139381031.023,,背景文献
Global Change and Marsh Elevation Dynamics: Experimenting Where Land Meets Sea and Biology Meets Geology,J. Adam Langley; Marc V. Sigrist; James Duls; Donald R. Cahoon; James C. Lynch; J. Patrick Megonigal,Smithsonian Contributions to the Marine Sciences,2009,10.5479/si.01960768.38.391,,背景文献
Biophysical and economic constraints on China’s natural climate solutions,Nan Lü; Hanqin Tian; Bojie Fu; Huiqian Yu; Shilong Piao; Shiyin Chen; Ya Li; Xiaoyong Li,Nature Climate Change,2022,10.1038/s41558-022-01432-3,,背景文献
Biological nitrogen fixation and the role of soil diazotroph niche breadth in representative terrestrial ecosystems,Wenbo Hu; Xiaomi Wang; Yongfeng Xu; Xia Wang; Zhiying Guo; Xianzhang Pan; Shixiang Dai; Yongming Luo,Soil Biology and Biochemistry,2023,10.1016/j.soilbio.2023.109261,,氮循环过程
Transcriptome and metabolome analysis reveals the salt stress-response mechanism in desert isolated Chlorella sp. DT025,Bangxiang He; Wenna Dai; Qin Zhang; Zhengsheng Shi; Yanbin Li; Huiling Wang,Algal Research,2024,10.1016/j.algal.2024.103484,,背景文献
Microbial dynamics and activity of denitrifying anaerobic methane oxidizers in China's estuarine and coastal wetlands,Yuhui Niu; Yanling Zheng; Lijun Hou; Dengzhou Gao; Feiyang Chen; Chenya Pei; Hongpo Dong; Xia Liang,The Science of The Total Environment,2021,10.1016/j.scitotenv.2021.150425,,滨海湿地/盐沼
Role of biochar toward carbon neutrality,Liuwei Wang; Jiayu Deng; Xiaodong Yang; Renjie Hou; Deyi Hou,Carbon Research,2023,10.1007/s44246-023-00035-7,"Abstract Carbon neutrality by the mid-twenty-first century is a grand challenge requiring technological innovations. Biochar, a traditional soil amendment which has been used for fertility improvement and contaminant remediation, has revealed new vitality in this context. In this review we highlight the huge potential of biochar application in different fields to mitigate as high as 2.56 × 10 9 t CO 2 e total greenhouse gas (GHG) emissions per year, accounting for 5.0% of the global GHG emissions. Soil applications of biochar as either a controlled-release fertilizer or an immobilization agent offer improved soil health while simultaneously suppressing the emissions of CH 4 and N 2 O. Non-soil applications of biochar also contribute to carbon neutrality in unique ways. Firstly, biochar application as a ruminant feed decreases CH 4 emissions via physical sorption and enhanced activities of methanotrophs. Secondly, biochar can be used as a green catalyst for biorefinery. Besides, biochar as an additive to Portland cement and low impact development (LID) infrastructure lowers the carbon footprint and builds resilience to climate change. Furthermore, biochar can be used as novel batteries and supercapacitors for energy storage purposes. Finally, the high CO 2 adsorption capacity makes it possible for biochar being used as a sorbent for carbon capture, utilization, and storage (CCUS). We advocate that future research should further explore the effectiveness of biochar systems for climate change mitigation in large scale applications, and assess the economic and social viability of local biochar systems to combat climate change. Graphical Abstract",背景文献
"Forage Grasses Steer Soil Nitrogen Processes, Microbial Populations, and Microbiome Composition in A Long-term Tropical Agriculture System",Letusa Momesso; Carlos Alexandre Costa Crusciol; Márcio Fernandes Alves Leite; João William Bossolani; Eiko E. Kuramae,Agriculture Ecosystems & Environment,2021,10.1016/j.agee.2021.107688,,微生物群落
Biochar improved soil health and mitigated greenhouse gas emission from controlled irrigation paddy field: Insights into microbial diversity,Zewei Jiang; Shihong Yang; Qingqing Pang; Yi Xu; Xi Chen; Xiao Sun; Suting Qi; Wanqing Yu,Journal of Cleaner Production,2021,10.1016/j.jclepro.2021.128595,,背景文献
Photosynthetic carbon allocation in native and invasive salt marshes undergoing hydrological change,Ya‐Lei Li; Li‐Na Xie; Shihua Li; Dan Zhang; Zhen‐Ming Ge,The Science of The Total Environment,2024,10.1016/j.scitotenv.2024.173232,,滨海湿地/盐沼
Microbial nitrogen transformation processes across environments: more than just a cycle,Jennifer B. Glass; Kathrin Rousk,Trends in Microbiology,2024,10.1016/j.tim.2024.04.006,,背景文献
Short-term effects of polyethene and polypropylene microplastics on soil phosphorus and nitrogen availability,Haixiao Li; Le Liu,Chemosphere,2021,10.1016/j.chemosphere.2021.132984,,背景文献
Efficient nitrogen removal through coupling biochar with zero-valent iron by different packing modes in bioretention system,Jiajie Chen; Yu Xie; Shanshan Sun; Manping Zhang; Pan Yan; Feng Xu; Li Tang; Shengbing He,Environmental Research,2023,10.1016/j.envres.2023.115375,,背景文献
Global predictions of primary soil salinization under changing climate in the 21st century,Amirhossein Hassani; Adisa Azapagic; Nima Shokri,Nature Communications,2021,10.1038/s41467-021-26907-3,"Soil salinization has become one of the major environmental and socioeconomic issues globally and this is expected to be exacerbated further with projected climatic change. Determining how climate change influences the dynamics of naturally-occurring soil salinization has scarcely been addressed due to highly complex processes influencing salinization. This paper sets out to address this long-standing challenge by developing data-driven models capable of predicting primary (naturally-occurring) soil salinity and its variations in the world's drylands up to the year 2100 under changing climate. Analysis of the future predictions made here identifies the dryland areas of South America, southern and western Australia, Mexico, southwest United States, and South Africa as the salinization hotspots. Conversely, we project a decrease in the soil salinity of the drylands in the northwest United States, the Horn of Africa, Eastern Europe, Turkmenistan, and west Kazakhstan in response to climate change over the same period.",背景文献
Highly enhanced removal of nutrients and benzo[a]pyrene in a siphon constructed wetland with magnetite: Performance and mechanisms,Jiaxing Lu; Zizhang Guo; Mingyu He; Zhen Hu; Haiming Wu; Lin-Lan Zhuang; Qiang Kong; Jian Zhang,Chemical Engineering Journal,2022,10.1016/j.cej.2022.136895,,滨海湿地/盐沼
Exploring organic matter conversion pathway and its effect on nitrogen removal in tidal flow constructed wetlands,Ruiya Chen; Xueyu Liu; Jie Wang; Jieyu Chen; Xiaoning Wang; Yabing Lv; Juchen Xu; Shaodi Wang,Chemosphere,2023,10.1016/j.chemosphere.2023.140927,,滨海湿地/盐沼
The importance of rest phase and pollutant removal mechanism of tidal flow constructed wetlands (TFCW) in rural grey water treatment,Yong Liao; Zhigang Wan; Xuekang Cao; Lei Jiang; Lihua Feng; Hao Zheng; Fangying Ji,Chemosphere,2022,10.1016/j.chemosphere.2022.137010,,滨海湿地/盐沼
Disturbance legacies regulate coastal forest soil stability to changing salinity and inundation: A soil transplant experiment,Anya M. Hopple; Stephanie Pennington; J. Patrick Megonigal; Vanessa Bailey; Ben Bond‐Lamberty,Soil Biology and Biochemistry,2022,10.1016/j.soilbio.2022.108675,,滨海湿地/盐沼
Environmental preferences of soil microbial attributes for long-term nitrogen and acid addition: From phylotype to community,Liji Wu; Ying Wu; Yuhui Meng; Bing Wang; Yongfei Bai; Dima Chen,Soil Biology and Biochemistry,2024,10.1016/j.soilbio.2024.109541,,背景文献
Effects of practicing long-term mulched drip irrigation on soil quality in Northwest China,Rui Zong; Zhenhua Wang; Wenhao Li; Haiqiang Li; Olusola O. Ayantobo,The Science of The Total Environment,2023,10.1016/j.scitotenv.2023.163247,,背景文献
Plant litter quality regulates soil eco-enzymatic stoichiometry and microbial nutrient limitation in a citrus orchard,Quanchao Zeng; Zhe Chen; Wenfeng Tan,Plant and Soil,2021,10.1007/s11104-021-05025-5,,背景文献
"Remediation of lead and cadmium co-contaminated mining soil by phosphate-functionalized biochar: Performance, mechanism, and microbial response",Jian Zhang; Yinkun Jiang; Chengyu Ding; Shengsen Wang; Chenhao Zhao; Weiqin Yin; Bing Wang; Ruidong Yang,Chemosphere,2023,10.1016/j.chemosphere.2023.138938,,背景文献
Salt-Marsh Bacteria: Bacteria of a Developing Salt Marsh,M. TURNER; T. R. G. GRAY,Nature,1962,10.1038/194559a0,,滨海湿地/盐沼
Agricultural inputs of mecoprop to a salt marsh system: Its fate and distribution within the sediment profile,C.A. Fletcher; J.M. Bubb; J.N. Lester,Marine Pollution Bulletin,1995,10.1016/0025-326x(95)00073-v,,滨海湿地/盐沼
Sources and distribution of aliphatic amines in salt marsh sediment,Xu-Chen Wang; Cindy Lee,Organic Geochemistry,1994,10.1016/0146-6380(94)90034-5,,滨海湿地/盐沼
"Sources, degradation, and thermal stability of organic matter in riparian soils along two major rivers of China",Le Wang; Peng Yao; Zheng Wang; Bin Zhao; Nan Wang; Xiwen Ye; Chao Gao,CATENA,2025,10.1016/j.catena.2025.108783,,背景文献
Litter Decomposition and Nutrient Dynamics of Native Species (Cyperus malaccensis) and Alien Invasive Species (Spartina alterniflora) in a Typical Subtropical Estuary (Min River) in China,Aying Zeng; Weifang Hu; C. Zeng; Zhigao Sun; Dengzhou Gao,Estuaries and Coasts,2020,10.1007/s12237-020-00744-x,,湿地植被/盐生植物
Tidal dynamics regulates potential coupling of carbon‑nitrogen‑sulfur cycling microbes in intertidal flats,Yuhui Niu; Zhirui An; Dengzhou Gao; Feiyang Chen; Jie Zhou; Bolin Liu; Lin Qi; Li Wu,The Science of The Total Environment,2023,10.1016/j.scitotenv.2023.165663,,滨海湿地/盐沼
Dynamics of tannin variations in mangrove leaf litter decomposition and their effects on environmental nitrogen and microbial activity,Tao Lang; Xinran Ke; Jian Wei; Muzammil Hussain; Mingdang Li; Changjun Gao; Mingguo Jiang; Yibing Wang,The Science of The Total Environment,2023,10.1016/j.scitotenv.2023.168150,,背景文献
Net effect of rainfall activity on salt-marsh sediment distribution,George Voulgaris; Samuel T Meyers,Marine Geology,2004,10.1016/j.margeo.2004.03.009,,背景文献
Coastal vegetation and estuaries are collectively a greenhouse gas sink,Judith A. Rosentreter; Goulven G. Laruelle; Hermann W. Bange; Thomas S. Bianchi; Julius Busecke; Wei‐Jun Cai; Bradley D. Eyre; Inke Forbrich,Nature Climate Change,2023,10.1038/s41558-023-01682-9,,滨海湿地/盐沼
Microbiota-induced asymmetry in coastal methane emission potential under experimental precipitation gradients,Lifeng Zhou; Lirong Zhang; Run Dang; Guangxuan Han; Jian Liu; Meng Zhou; Leilei Xiao,Environmental Research,2024,10.1016/j.envres.2024.120601,,滨海湿地/盐沼
"Direct air capture: process technology, techno-economic and socio-political challenges",María Erans; Eloy S. Sanz-Pérez; Dawid P. Hanak; Zeynep Clulow; David Reiner; Greg A. Mutch,Energy & Environmental Science,2022,10.1039/d1ee03523a,"This comprehensive review appraises the state-of-the-art in direct air capture materials, processes, economics, sustainability, and policy, to inform, challenge and inspire a broad audience of researchers, practitioners, and policymakers.",背景文献
"Occurrence of polycyclic aromatic hydrocarbons in the Yellow River delta: Sources, ecological risks, and microbial response",Peiqiong Liu; Zizhang Guo; Yu Wang; Mingyu He; Yan Kang; Haiming Wu; Zhen Hu; Jian Zhang,Journal of Environmental Management,2024,10.1016/j.jenvman.2024.122432,,滨海湿地/盐沼
