题名,作者,年份,期刊,DOI,文献主题,推荐用途,引用标记
Shrub encroachment alters microbial community composition and soil carbon and nitrogen cycling functional genes in northern peatlands,J. Meren Ao; Xinyu Tang; Zhenxin Li; Zhanhui Tang,2025,Microbiology Spectrum,10.1128/spectrum.00542-25,氮添加/氮沉降与微生物群落；土壤氮循环功能基因与宏基因组；硝化与氨氧化过程；固氮过程；滨海湿地与盐沼生态系统；环境因子调控；湿地植被与根际效应；微生物群落结构与共现网络,用于绪论、方法依据和讨论土壤氮循环功能基因机制,"Ao et al., 2025"
Effect of Nitrogen Addition on Soil Microbial Functional Gene Abundance and Community Diversity in Permafrost Peatland,Xiuyan Ma; Yanyu Song; Changchun Song; Xian‐Wei Wang; Nannan Wang; Siqi Gao; Xiaofeng Cheng; Zhendi Liu; Jinli Gao; Yu Du,2021,Microorganisms,10.3390/microorganisms9122498,氮添加/氮沉降与微生物群落；土壤氮循环功能基因与宏基因组；硝化与氨氧化过程；固氮过程；环境因子调控；湿地植被与根际效应；微生物群落结构与共现网络,用于绪论、方法依据和讨论土壤氮循环功能基因机制,"Ma et al., 2021"
Overview of recent researches on nitrifying microorganisms in soil,Masahito Hayatsu; Chie Katsuyama; Kanako Tago,2021,Soil Science & Plant Nutrition,10.1080/00380768.2021.1981119,氮添加/氮沉降与微生物群落；土壤氮循环功能基因与宏基因组；硝化与氨氧化过程；反硝化过程；固氮过程；环境因子调控；湿地植被与根际效应,用于绪论、方法依据和讨论土壤氮循环功能基因机制,"Hayatsu et al., 2021"
Impact of nitrogen and phosphorus amendments on nitrogen‐cycling microbial abundances and potentials: A meta‐analysis,Yuqian Tang; Yanru Jia; Siqin Zhang; Yanjie Zhang,2024,European Journal of Soil Science,10.1111/ejss.13585,氮添加/氮沉降与微生物群落；土壤氮循环功能基因与宏基因组；硝化与氨氧化过程；反硝化过程；环境因子调控；微生物群落结构与共现网络,用于绪论、方法依据和讨论土壤氮循环功能基因机制,"Tang et al., 2024"
"Effects of continuous cropping of Pinellia ternata (Thunb.) Breit. on soil physicochemical properties, enzyme activities, microbial communities and functional genes",Yuan Zhao; Xiaomeng Qin; Xueping Tian; Tao Yang; Rong Deng; Jun Huang,2021,Chemical and Biological Technologies in Agriculture,10.1186/s40538-021-00243-6,氮添加/氮沉降与微生物群落；土壤氮循环功能基因与宏基因组；环境因子调控；湿地植被与根际效应；微生物群落结构与共现网络,用于绪论、方法依据和讨论土壤氮循环功能基因机制,"Zhao et al., 2021"
Short‐ and long‐term effects of nutrient enrichment on salt marsh plant production and microbial community structure,Torrance C. Hanley; Jennifer L. Bowen; Patrick J. Kearns; A. Randall Hughes,2021,Journal of Ecology,10.1111/1365-2745.13756,氮添加/氮沉降与微生物群落；滨海湿地与盐沼生态系统；环境因子调控；湿地植被与根际效应；微生物群落结构与共现网络,用于背景综述或讨论补充,"Hanley et al., 2021"
Long-term nitrogen addition increases denitrification potential and functional gene abundance and changes denitrifying communities in acidic tea plantation soil,Xiangde Yang; Sheng Tang; Kang Ni; Yuanzhi Shi; Xiaoyun Yi; Qingxu Ma; Yanjiang Cai; Lifeng Ma; Jianyun Ruan,2022,Environmental Research,10.1016/j.envres.2022.114679,氮添加/氮沉降与微生物群落；土壤氮循环功能基因与宏基因组；硝化与氨氧化过程；反硝化过程；湿地植被与根际效应,用于绪论、方法依据和讨论土壤氮循环功能基因机制,"Yang et al., 2022"
Responses of Soil Microbiota to Different Control Methods of the Spartina alterniflora in the Yellow River Delta,Liangyu Li; Xiangyang Jiang; Quanli Zhou; Jun Chen; Yu Zang; Zaiwang Zhang; Gao Chen; Xuexi Tang; Shuai Shang,2022,Microorganisms,10.3390/microorganisms10061122,氮添加/氮沉降与微生物群落；滨海湿地与盐沼生态系统；环境因子调控；湿地植被与根际效应；微生物群落结构与共现网络,用于背景综述或讨论补充,"Li et al., 2022"
"Shifts in Soil Microbial Community Composition, Function, and Co-occurrence Network of Phragmites australis in the Yellow River Delta",Pengcheng Zhu; Shuren Yang; Yuxin Wu; Yuning Ru; Xiaona Yu; Lushan Wang; Weihua Guo,2022,Frontiers in Microbiology,10.3389/fmicb.2022.858125,氮添加/氮沉降与微生物群落；滨海湿地与盐沼生态系统；环境因子调控；湿地植被与根际效应；微生物群落结构与共现网络,用于背景综述或讨论补充,"Zhu et al., 2022"
"Poly-Γ-Glutamic Acid Differentially Alters the Abundances and Communities of N Functional Genes Involved in Urea Hydrolysis, Nitrification and Denitrification When Applied with Different Nitrogen Fertilizers",Lei Zhang; Jichao Gao; Lingli Wang; Yu Sun; Xiaoyan Dong; J. Pei; Zhanbo Wei; Lili Zhang; Yuanlaing Shi,2023,Social Science Research Network,10.2139/ssrn.4263503,氮添加/氮沉降与微生物群落；土壤氮循环功能基因与宏基因组；硝化与氨氧化过程；反硝化过程；微生物群落结构与共现网络,用于绪论、方法依据和讨论土壤氮循环功能基因机制,"Zhang et al., 2023"
"Simultaneously enhanced autotrophic–heterotrophic denitrification in iron-based ecological floating bed by plant biomass: Metagenomics insights into microbial communities, functional genes and nitrogen metabolic pathways",Yuanyuan Peng; Xushun Gu; Manping Zhang; Pan Yan; Shanshan Sun; Shengbing He,2023,Water Research,10.1016/j.watres.2023.120868,土壤氮循环功能基因与宏基因组；硝化与氨氧化过程；反硝化过程；环境因子调控；湿地植被与根际效应,用于绪论、方法依据和讨论土壤氮循环功能基因机制,"Peng et al., 2023"
Metagenomics reveals the response of desert steppe microbial communities and carbon-nitrogen cycling functional genes to nitrogen deposition,He Ye; Yu Zhao; Shilong He; Zhendan Wu; Mei Yue; Mei Hong,2024,Frontiers in Microbiology,10.3389/fmicb.2024.1369196,氮添加/氮沉降与微生物群落；土壤氮循环功能基因与宏基因组；硝化与氨氧化过程；环境因子调控；微生物群落结构与共现网络,用于绪论、方法依据和讨论土壤氮循环功能基因机制,"Ye et al., 2024"
"Impacts of Land Use on Soil Nitrogen-Cycling Microbial Communities: Insights from Community Structure, Functional Gene Abundance, and Network Complexity",Junnan Ding; Shaopeng Yu,2025,Life,10.3390/life15030466,土壤氮循环功能基因与宏基因组；硝化与氨氧化过程；滨海湿地与盐沼生态系统；环境因子调控；微生物群落结构与共现网络,用于绪论、方法依据和讨论土壤氮循环功能基因机制,"Ding and Yu, 2025"
Effects of Exotic Spartina alterniflora Invasion on Soil Phosphorus and Carbon Pools and Associated Soil Microbial Community Composition in Coastal Wetlands,,,,10.1021/acsomega.0c06161.s001,滨海湿地与盐沼生态系统；环境因子调控；湿地植被与根际效应；微生物群落结构与共现网络,用于背景综述或讨论补充,"Anonymous, n.d."
Long-term excess nitrogen fertilizer increases sensitivity of soil microbial community to seasonal change revealed by ecological network and metagenome analyses,Bingbing Li; Sarah S. Roley; David S. Duncan; Jiarong Guo; John F. Quensen; Hanqing Yu; James M. Tiedje,2021,Soil Biology and Biochemistry,10.1016/j.soilbio.2021.108349,氮添加/氮沉降与微生物群落；土壤氮循环功能基因与宏基因组；环境因子调控；微生物群落结构与共现网络,用于绪论、方法依据和讨论土壤氮循环功能基因机制,"Li et al., 2021"
Plant developmental stage drives the differentiation in ecological role of the maize microbiome,Chao Xiong; Brajesh K. Singh; Ji‐Zheng He; Yan-Lai Han; Peipei Li; Li-Hua Wan; Guo-Zhong Meng; Si‐Yi Liu; Juntao Wang; Chuanfa Wu; An‐Hui Ge; Limei Zhang,2021,Microbiome,10.1186/s40168-021-01118-6,土壤氮循环功能基因与宏基因组；环境因子调控；湿地植被与根际效应；微生物群落结构与共现网络,用于绪论、方法依据和讨论土壤氮循环功能基因机制,"Xiong et al., 2021"
Continental‐scale plant invasions reshuffle the soil microbiome of blue carbon ecosystems,Gui‐Feng Gao; Huan Li; Yu Shi; Teng Yang; Chang‐Hao Gao; Kunkun Fan; Yihui Zhang; Yong‐Guan Zhu; Manuel Delgado‐Baquerizo; Hai‐Lei Zheng; Haiyan Chu,2022,Global Change Biology,10.1111/gcb.16211,滨海湿地与盐沼生态系统；环境因子调控；湿地植被与根际效应；微生物群落结构与共现网络,用于背景综述或讨论补充,"Gao et al., 2022"
Different bacterial co-occurrence patterns and community assembly between rhizosphere and bulk soils under N addition in the plant–soil system,Jie Wang; Lirong Liao; Zhencheng Ye; Hongfei Liu; Chao Zhang; Lu Zhang; Guobin Liu; Guoliang Wang,2022,Plant and Soil,10.1007/s11104-021-05214-2,氮添加/氮沉降与微生物群落；环境因子调控；湿地植被与根际效应；微生物群落结构与共现网络,用于背景综述或讨论补充,"Wang et al., 2022"
Effects of Spartina alterniflora invasion on the community structure and diversity of wetland soil bacteria in the Yellow River Delta,Shuai Shang; Shunxin Hu; Xiaoxue Liu; Yu Zang; Jun Chen; Ning Gao; Liangyu Li; Jun Wang; Longxiang Liu; Jikun Xu; Yumiao Zhang; Tao Wu; Xuexi Tang,2022,Ecology and Evolution,10.1002/ece3.8905,滨海湿地与盐沼生态系统；环境因子调控；湿地植被与根际效应；微生物群落结构与共现网络,用于背景综述或讨论补充,"Shang et al., 2022"
Halophyte Vegetation Influences Soil Microbial Community of Coastal Salt Marsh,Chen Gu; Jiyan Shi; Jianliang Rui; Yanming Yu; Weibin Huang; Zhinai Lu; Yao Chen; Xiaojun Chen; Shudi Dong; Zhijun Hu; Chenghua Ye,2022,Journal of Ocean University of China,10.1007/s11802-022-5213-x,滨海湿地与盐沼生态系统；环境因子调控；湿地植被与根际效应；微生物群落结构与共现网络,用于背景综述或讨论补充,"Gu et al., 2022"
Responses of the rhizosphere microbiome to long-term nitrogen addition in a boreal forest,Yulei Fu; Guoyong Yan; Guancheng Liu; Binbin Huang; Xingyu Sun; Xiaochun Wang; Yajuan Xing; Qinggui Wang,2022,Canadian Journal of Forest Research,10.1139/cjfr-2022-0001,氮添加/氮沉降与微生物群落；环境因子调控；湿地植被与根际效应；微生物群落结构与共现网络,用于背景综述或讨论补充,"Fu et al., 2022"
Short-term N addition in a Pinus tabuliformis plantation: Microbial community composition and interactions show different linkages with ecological stoichiometry,Jiaoyang Zhang; Zemin Ai; Hongfei Liu; Darrell W.S. Tang; Xiaomei Yang; Guoliang Wang; Ying Liu; Guobin Liu; Elly Morriën; Sha Xue,2022,Applied Soil Ecology,10.1016/j.apsoil.2022.104422,氮添加/氮沉降与微生物群落；环境因子调控；湿地植被与根际效应；微生物群落结构与共现网络,用于背景综述或讨论补充,"Zhang et al., 2022"
"Soil salinity, not plant genotype or geographical distance, shapes soil microbial community of a reed wetland at a fine scale in the Yellow River Delta",Lele Liu; Yiming Wu; Meiqi Yin; Xiangyan Ma; Xiaona Yu; Xiao Guo; Ning Du; Franziska Eller; Weihua Guo,2022,The Science of The Total Environment,10.1016/j.scitotenv.2022.159136,滨海湿地与盐沼生态系统；环境因子调控；湿地植被与根际效应；微生物群落结构与共现网络,用于背景综述或讨论补充,"Liu et al., 2022"
Water Level Has Higher Influence on Soil Organic Carbon and Microbial Community in Poyang Lake Wetland Than Vegetation Type,Qiong Ren; Jihong Yuan; Jinping Wang; Xin Liu; Shilin Ma; Zhou Liyin; Lujun Miao; Jinchi Zhang,2022,Microorganisms,10.3390/microorganisms10010131,滨海湿地与盐沼生态系统；环境因子调控；湿地植被与根际效应；微生物群落结构与共现网络,用于背景综述或讨论补充,"Ren et al., 2022"
Nitrogen addition reduces phosphorus availability and induces a shift in soil phosphorus cycling microbial community in a tea (Camellia sinensis L.) plantation,Yanyan Jiang; Xiangde Yang; Kang Ni; Lifeng Ma; Yuanzhi Shi; Yu Wang; Yanjiang Cai; Qingxu Ma; Jianyun Ruan,2023,Journal of Environmental Management,10.1016/j.jenvman.2023.118207,氮添加/氮沉降与微生物群落；环境因子调控；湿地植被与根际效应；微生物群落结构与共现网络,用于背景综述或讨论补充,"Jiang et al., 2023"
Partitioning of the denitrification pathway and other nitrite metabolisms within global oxygen deficient zones,Irene H. Zhang; Xin Sun; Amal Jayakumar; Samantha G. Fortin; Bess B. Ward; Andrew R. Babbin,2023,ISME Communications,10.1038/s43705-023-00284-y,土壤氮循环功能基因与宏基因组；硝化与氨氧化过程；反硝化过程；环境因子调控,用于绪论、方法依据和讨论土壤氮循环功能基因机制,"Zhang et al., 2023"
"Effects of pepper–maize intercropping on the physicochemical properties, microbial communities, and metabolites of rhizosphere and bulk soils",Zeli Chen; Wenzhi Wang; Lu Chen; Peng Zhang; Zhenhuan Liu; Xukun Yang; Jin Shao; Yan Ding; Mi YanHua,2024,Environmental Microbiome,10.1186/s40793-024-00653-7,氮添加/氮沉降与微生物群落；环境因子调控；湿地植被与根际效应；微生物群落结构与共现网络,用于背景综述或讨论补充,"Chen et al., 2024"
Effects of short-term nitrogen and phosphorus addition on soil bacterial community of different halophytes,Zehao Zhang; Lijie Wang; Tian Li; Zhanyong Fu; Jingkuan Sun; Rui Hu; Yao Zhang,2024,mSphere,10.1128/msphere.00226-24,氮添加/氮沉降与微生物群落；环境因子调控；湿地植被与根际效应；微生物群落结构与共现网络,用于背景综述或讨论补充,"Zhang et al., 2024"
Impact of soil inorganic nitrogen on bacterial phylogeny in estuarine intertidal zones: a study of nitrogen metabolism,Siqi Li; Tianyang Liu; Cheng Liu; Donglei Sun; Yan Qin; Dengzhou Gao; Zongxiao Zhang,2024,Frontiers in Microbiology,10.3389/fmicb.2023.1341564,氮添加/氮沉降与微生物群落；土壤氮循环功能基因与宏基因组；滨海湿地与盐沼生态系统；环境因子调控,用于绪论、方法依据和讨论土壤氮循环功能基因机制,"Li et al., 2024"
Metagenomic insights into nitrite accumulation in sulfur-based denitrification systems utilizing different electron donors: Functional microbial communities and metabolic mechanisms,Jiahui Wang; Fangzhai Zhang; Zhaozhi Wang; Haoran Liang; Ziyi Du; Yujing Zhang; Hongying Lü; Yongzhen Peng,2024,Water Research,10.1016/j.watres.2024.122805,土壤氮循环功能基因与宏基因组；硝化与氨氧化过程；反硝化过程；环境因子调控,用于绪论、方法依据和讨论土壤氮循环功能基因机制,"Wang et al., 2024"
Response of rhizosphere soil physicochemical properties and microbial community structure to continuous cultivation of tobacco,Bo Gong; Yi He; Zhenbao Luo; Huawei Peng; Heqing Cai; Yuening Zhu; Jun Bin; Mengjiao Ding,2024,Annals of Microbiology,10.1186/s13213-023-01748-1,硝化与氨氧化过程；环境因子调控；湿地植被与根际效应；微生物群落结构与共现网络,用于背景综述或讨论补充,"Gong et al., 2024"
Changes in Microbial Carbon and Nitrogen Cycling in Wetlands Under Moisture Stress,Zhenbo Chen; Zhihong Liu; Changchun Song; Wenwen Tan; Jiaqi Guo; Shuhao Li,2025,Water Resources Research,10.1029/2025wr040253,固氮过程；滨海湿地与盐沼生态系统；环境因子调控；湿地植被与根际效应,用于背景综述或讨论补充,"Chen et al., 2025"
Impacts of Spartina alterniflora invasion on C-cycling functional genes and microbial communities in salt marsh wetlands during cold season,Xiaoling Zhang; Bin Ma; Qian Zhang; Qingjun Wang; Xiaodong Yang; Junxiang Fei; Shihong Zhang; Fan Zhang; Yuan Zhang; Shixiao Xu,2025,Ecological Processes,10.1186/s13717-025-00592-2,土壤氮循环功能基因与宏基因组；滨海湿地与盐沼生态系统；环境因子调控；湿地植被与根际效应,用于绪论、方法依据和讨论土壤氮循环功能基因机制,"Zhang et al., 2025"
Response of the nosZ-type denitrifying microbial community and metabolic characteristics to precipitation changes in the alpine wetland,Ni Zhang; Hongchen Jiang; Zhiyun Zhou; Yijun Wang; Desheng Qi; Shijia Zhou; Jing Ma; Kelong Chen,2025,Frontiers in Microbiology,10.3389/fmicb.2025.1581432,反硝化过程；滨海湿地与盐沼生态系统；环境因子调控；微生物群落结构与共现网络,用于背景综述或讨论补充,"Zhang et al., 2025"
"Vegetation succession enhances microbial diversity, network complexity, and stability in coastal wetlands, underscoring the pivotal role of soil salinity and key microbial species",Jilin Zhang; Qing Zhang; Chunyu Zhang; Renqing Wang; Hui Wang; Qing Zhang,2025,Journal of Environmental Management,10.1016/j.jenvman.2025.125997,滨海湿地与盐沼生态系统；环境因子调控；湿地植被与根际效应；微生物群落结构与共现网络,用于背景综述或讨论补充,"Zhang et al., 2025"
"Structure and functional genes associated with carbon, nitrogen, phosphorus, and sulfur cycling processes in periphyton: A comparison between natural and artificial rivers",Yulu Tian; Jiezhang Mo; Jiaxin Liu; Chenghao Li; Jiahua Guo,2026,River,10.1002/rvr2.70044,土壤氮循环功能基因与宏基因组；硝化与氨氧化过程；反硝化过程；环境因子调控,用于绪论、方法依据和讨论土壤氮循环功能基因机制,"Tian et al., 2026"
Litter Decomposition and Nutrient Dynamics of Native Species (Cyperus malaccensis) and Alien Invasive Species (Spartina alterniflora) in a Typical Subtropical Estuary (Min River) in China,Aying Zeng; Weifang Hu; C. Zeng; Zhigao Sun; Dengzhou Gao,2020,Estuaries and Coasts,10.1007/s12237-020-00744-x,滨海湿地与盐沼生态系统；环境因子调控；湿地植被与根际效应,用于背景综述或讨论补充,"Zeng et al., 2020"
[Impacts of Spartina alterniflora invasion on coastal wetland ecosystem: Advances and prospects].,Xuefeng Xie; Xiao-Min Sun; Tao Wu; Guojun Jiang; L. Pu; Qi Xiang,2020,Ying yong sheng tai xue bao = The journal of applied ecology,10.13287/j.1001-9332.202006.032,滨海湿地与盐沼生态系统；环境因子调控；湿地植被与根际效应,用于背景综述或讨论补充,"Xie et al., 2020"
Comprehensive metagenomic and enzyme activity analysis reveals the negatively influential and potentially toxic mechanism of polystyrene nanoparticles on nitrogen transformation in constructed wetlands,Yixuan Ma; Juan Huang; Tingwei Han; Chunni Yan; Chong Cao; Meifang Cao,2021,Water Research,10.1016/j.watres.2021.117420,土壤氮循环功能基因与宏基因组；滨海湿地与盐沼生态系统；环境因子调控,用于绪论、方法依据和讨论土壤氮循环功能基因机制,"Ma et al., 2021"
Effects of Spartina alterniflora Invasion on Soil Microbial Community Structure and Ecological Functions,Minmin Cao; Lina Cui; Huimin Sun; Xiaomian Zhang; Xiang Zheng; Jiang Jiang,2021,Microorganisms,10.3390/microorganisms9010138,环境因子调控；湿地植被与根际效应；微生物群落结构与共现网络,用于背景综述或讨论补充,"Cao et al., 2021"
Host preference and invasiveness of commensal bacteria in the Lotus and Arabidopsis root microbiota,Kathrin Wippel; Ke Tao; Yulong Niu; Rafal Zgadzaj; Niklas Kiel; Rui Guan; Eik Dahms; Pengfan Zhang; Dorthe Bødker Jensen; Elke Logemann; Simona Radutoiu; Paul Schulze‐Lefert; Rubén Garrido‐Oter,2021,Nature Microbiology,10.1038/s41564-021-00941-9,土壤氮循环功能基因与宏基因组；环境因子调控；湿地植被与根际效应,用于绪论、方法依据和讨论土壤氮循环功能基因机制,"Wippel et al., 2021"
Introduction of broadleaf species into monospecific Cunninghamia lanceolata plantations changed the soil Acidobacteria subgroups composition and nitrogen-cycling gene abundances,Yuting Zhang; Kai Ding; Kim Yrjälä; Haiyan Liu; Zaikang Tong; Junhong Zhang,2021,Plant and Soil,10.1007/s11104-021-05014-8,土壤氮循环功能基因与宏基因组；环境因子调控；湿地植被与根际效应,用于绪论、方法依据和讨论土壤氮循环功能基因机制,"Zhang et al., 2021"
Nitrogen and phosphorus fertilization consistently favor pathogenic over mutualistic fungi in grassland soils,Ylva Lekberg; Carlos Alberto Arnillas; Elizabeth T. Borer; Lorinda Bullington; Noah Fierer; Peter G. Kennedy; Jonathan Leff; Angela D. Luis; Eric W. Seabloom; Jeremiah A. Henning,2021,Nature Communications,10.1038/s41467-021-23605-y,环境因子调控；湿地植被与根际效应；微生物群落结构与共现网络,用于背景综述或讨论补充,"Lekberg et al., 2021"
Nitrogen fertilization increases fungal diversity and abundance of saprotrophs while reducing nitrogen fixation potential in a semiarid grassland,Lirong Liao; Xiangtao Wang; Jie Wang; Guobin Liu; Chao Zhang,2021,Plant and Soil,10.1007/s11104-021-05012-w,固氮过程；环境因子调控；湿地植被与根际效应,用于背景综述或讨论补充,"Liao et al., 2021"
A novel Pseudomonas aeruginosa strain performs simultaneous heterotrophic nitrification-aerobic denitrification and aerobic phosphate removal,Mei-Qi Huang; You‐Wei Cui; Jilin Huang; Feng‐Long Sun; Si Chen,2022,Water Research,10.1016/j.watres.2022.118823,硝化与氨氧化过程；反硝化过程；环境因子调控,用于背景综述或讨论补充,"Huang et al., 2022"
Changes in the population and functional profile of bacteria and fungi in the rhizosphere of Suaeda salsa is driven by invasion of Spartina alterniflora,Chengfeng Yu; Jicheng Cao; Wen Du; Zhiyong Zhu; Min Xu,2022,Ecological Indicators,10.1016/j.ecolind.2022.109516,环境因子调控；湿地植被与根际效应；微生物群落结构与共现网络,用于背景综述或讨论补充,"Yu et al., 2022"
Co-occurrence networks reveal more complexity than community composition in resistance and resilience of microbial communities,Cheng Gao; Ling Xu; Liliam Montoya; Mary Madera; Joy Hollingsworth; Liang Chen; Elizabeth Purdom; Vasanth Singan; John P. Vogel; Robert B. Hutmacher; Jeffery Dahlberg; Devin Coleman‐Derr; Peggy G. Lemaux; John W. Taylor,2022,Nature Communications,10.1038/s41467-022-31343-y,环境因子调控；湿地植被与根际效应；微生物群落结构与共现网络,用于背景综述或讨论补充,"Gao et al., 2022"
Effect of silver nanoparticles on nitrogen-cycling bacteria in constructed wetlands,Monolina Sarkar,2022,Nanotechnology for Environmental Engineering,10.1007/s41204-021-00192-3,土壤氮循环功能基因与宏基因组；滨海湿地与盐沼生态系统；环境因子调控,用于绪论、方法依据和讨论土壤氮循环功能基因机制,"Sarkar, 2022"
"Effects of Spartina alterniflora Invasion on Soil Carbon, Nitrogen and Phosphorus in Yancheng Coastal Wetlands",Yufeng Sheng; Z. Luan; Dandan Yan; Jingtai Li; Siying Xie; Yao Liu; Li Chen; Min Li; Cuiling Wu,2022,Land,10.3390/land11122218,滨海湿地与盐沼生态系统；环境因子调控；湿地植被与根际效应,用于背景综述或讨论补充,"Sheng et al., 2022"
"Effects of nanopolystyrene addition on nitrogen fertilizer fate, gaseous loss of N from the soil, and soil microbial community composition",Ziheng Zou; Shuqing Li; Jie Wu; Shumin Guo; Yihe Zhang; Mengyuan Huang; Eugenia Valsami‐Jones; Iseult Lynch; Xueyan Liu; Jinyang Wang; Jianwen Zou,2022,Journal of Hazardous Materials,10.1016/j.jhazmat.2022.129509,氮添加/氮沉降与微生物群落；环境因子调控；微生物群落结构与共现网络,用于背景综述或讨论补充,"Zou et al., 2022"
Environmental Filtering by pH and Salinity Jointly Drives Prokaryotic Community Assembly in Coastal Wetland Sediments,Yu Huang; Qiuping Zhong; Yisheng Peng; Xiafei Zheng; Fanshu Xiao; Bo Wu; Xiaoli Yu; Zhiwen Luo; Longfei Shu; Cheng Wang; Qingyun Yan; Zhili He,2022,Frontiers in Marine Science,10.3389/fmars.2021.792294,滨海湿地与盐沼生态系统；环境因子调控；微生物群落结构与共现网络,用于背景综述或讨论补充,"Huang et al., 2022"
How climate and soil properties affect the abundances of nitrogen-cycling genes in nitrogen-treated ecosystems: a meta-analysis,Jingyi Dong; Jiaqi Zhang; Yinghui Liu; Haichao Jing,2022,Plant and Soil,10.1007/s11104-022-05420-6,土壤氮循环功能基因与宏基因组；环境因子调控；湿地植被与根际效应,用于绪论、方法依据和讨论土壤氮循环功能基因机制,"Dong et al., 2022"
Intensifying anoxic ammonium removal by manganese ores and granular active carbon fillings in constructed wetland-microbial fuel cells: Metagenomics reveals functional genes and microbial mechanisms,Yifei Wang; Dongpeng Li; Xinshan Song; Xin Cao; Zhongshuo Xu; Wei Huang; Yuhui Wang; Zhiwei Wang; Wolfgang Sand,2022,Bioresource Technology,10.1016/j.biortech.2022.127114,土壤氮循环功能基因与宏基因组；滨海湿地与盐沼生态系统；环境因子调控,用于绪论、方法依据和讨论土壤氮循环功能基因机制,"Wang et al., 2022"
Nitrogen deposition enhances the deterministic process of the prokaryotic community and increases the complexity of the microbial co-network in coastal wetlands,Mengyue Sun; Mingcong Li; Yuqi Zhou; Jiai Liu; Wenchong Shi; Xiaoliang Wu; Baohua Xie; Ye Deng; Zheng Gao,2022,The Science of The Total Environment,10.1016/j.scitotenv.2022.158939,氮添加/氮沉降与微生物群落；滨海湿地与盐沼生态系统；微生物群落结构与共现网络,用于背景综述或讨论补充,"Sun et al., 2022"
Non-native Plant Species Invasion Increases the Importance of Deterministic Processes in Fungal Community Assembly in a Coastal Wetland,Guiping Ye; Jianming Chen; Ping Yang; Hangwei Hu; Zi-Yang He; Dan Wang; Dingding Cao; Wenbin Zhang; Bingyu Wu; Yonghong Wu; Xiangying Wei; Yongxin Lin,2022,Microbial Ecology,10.1007/s00248-022-02144-z,滨海湿地与盐沼生态系统；环境因子调控；湿地植被与根际效应,用于背景综述或讨论补充,"Ye et al., 2022"
Performance of tidal and non-tidal mangrove constructed wetlands in treating maricultural wastewater,Tingfeng Zhang; Chaoxiang Liu; Lili Wei; Shaohua Tian; Jie Li; Patrick Ndayambaje; Xu Huang; Lin Liu; Pamphile Ndagijimana,2022,Water Science & Technology,10.2166/wst.2022.103,滨海湿地与盐沼生态系统；环境因子调控；湿地植被与根际效应,用于背景综述或讨论补充,"Zhang et al., 2022"
Plant Species–Driven Distribution of Individual Clades of Comammox Nitrospira in a Subtropical Estuarine Wetland,Yongxin Lin; Guiping Ye; Hangwei Hu; Ping Yang; Song Wan; Mengmeng Feng; Zi-Yang He; Ji‐Zheng He,2022,Microbial Ecology,10.1007/s00248-021-01940-3,滨海湿地与盐沼生态系统；环境因子调控；湿地植被与根际效应,用于背景综述或讨论补充,"Lin et al., 2022"
Responses of edaphic factors and microbial community to terrestrial succession and experimental warming in coastal salt marshes,Zhen Wang; Shanshan Song; Tongtong Song; Lin Yuan; Chao Zhang,2022,Pedobiologia,10.1016/j.pedobi.2022.150821,滨海湿地与盐沼生态系统；环境因子调控；微生物群落结构与共现网络,用于背景综述或讨论补充,"Wang et al., 2022"
Salinity reduces site quality and mangrove forest functions. From monitoring to understanding,Shamim Ahmed; Swapan Kumar Sarker; Daniel A. Friess; Md. Kamruzzaman; Martin Jacobs; Md. Akramul Islam; Md Azharul Alam; Mohammad Jamil Suvo; Md. Nasir Hossain Sani; Tanmoy Dey; Clement Sullibie Saagulo Naabeh; Hans Pretzsch,2022,The Science of The Total Environment,10.1016/j.scitotenv.2022.158662,氮添加/氮沉降与微生物群落；环境因子调控；湿地植被与根际效应,用于背景综述或讨论补充,"Ahmed et al., 2022"
Saltwater incursion regulates N2O emission pathways and potential nitrification and denitrification in intertidal wetland,Yinghui Jiang; Guoyu Yin; Ye Li; Lijun Hou; Min Liu; Cheng Chen; Dongsheng Zheng; Han Wu; Dengzhou Gao; Yanling Zheng; Ping Han,2022,Biology and Fertility of Soils,10.1007/s00374-022-01625-0,硝化与氨氧化过程；反硝化过程；滨海湿地与盐沼生态系统,用于背景综述或讨论补充,"Jiang et al., 2022"
Soil Water Content Shapes Microbial Community Along Gradients of Wetland Degradation on the Tibetan Plateau,Meng Li; Kerou Zhang; Zhongqing Yan; Liang Liu; Enze Kang; Xiaoming Kang,2022,Frontiers in Microbiology,10.3389/fmicb.2022.824267,滨海湿地与盐沼生态系统；环境因子调控；微生物群落结构与共现网络,用于背景综述或讨论补充,"Li et al., 2022"
Spartina alterniflora Invaded Coastal Wetlands by Raising Soil Sulfur Contents: A Meta-Analysis,Zhenzhen Zhao; Liyu Cheng; Chi He; Feifei Wang; Jialin Liu; Yuanhang Li; Xueping Chen; Xiaoyan Liu; Gaoming Lv; Daoyuan Wang,2022,Water,10.3390/w14101633,滨海湿地与盐沼生态系统；环境因子调控；湿地植被与根际效应,用于背景综述或讨论补充,"Zhao et al., 2022"
"Spartina alterniflora invasion has a greater impact than non-native species, Phragmites australis and Kandelia obovata, on the bacterial community assemblages in an estuarine wetland",Yongxin Lin; Hang‐Wei Hu; Ping Yang; Guiping Ye,2022,The Science of The Total Environment,10.1016/j.scitotenv.2022.153517,滨海湿地与盐沼生态系统；环境因子调控；湿地植被与根际效应,用于背景综述或讨论补充,"Lin et al., 2022"
Spatial distribution of soil iron across different plant communities along a hydrological gradient in the Yellow River Estuary wetland,Xue Liu; Dandan Sun; Jifa Qin; Jiapeng Zhang; Yunfei Yang; Jisong Yang; Zhikang Wang; Di Zhou; Yunzhao Li; Xuehong Wang; Kai Ning; Junbao Yu,2022,Frontiers in Ecology and Evolution,10.3389/fevo.2022.979194,滨海湿地与盐沼生态系统；环境因子调控；湿地植被与根际效应,用于背景综述或讨论补充,"Liu et al., 2022"
The importance of plants for methane emission at the ecosystem scale,David Bastviken; Claire C. Treat; Sunitha Pangala; Vincent Gauci; Alex Enrich‐Prast; Martin Karlson; Magnus Gålfalk; Mariana Brandini Romano; Henrique O. Sawakuchi,2022,Aquatic Botany,10.1016/j.aquabot.2022.103596,氮添加/氮沉降与微生物群落；环境因子调控；湿地植被与根际效应,用于背景综述或讨论补充,"Bastviken et al., 2022"
Variation in Bacterial Community Structure in Rhizosphere and Bulk Soils of Different Halophytes in the Yellow River Delta,Yinghan Zhao; Li Tian; Pengshuai Shao; Jingkuan Sun; Wenjing Xu; Zehao Zhang,2022,Frontiers in Ecology and Evolution,10.3389/fevo.2021.816918,环境因子调控；湿地植被与根际效应；微生物群落结构与共现网络,用于背景综述或讨论补充,"Zhao et al., 2022"
"A new perspective on the impacts of Spartina alterniflora invasion on Chinese wetlands in the context of climate change: A case study of the Jiuduansha Shoals, Yangtze Estuary",Min Zhang; Christian Schwarz; Wenpeng Lin; Htun Naing; Huayang Cai; Zhenchang Zhu,2023,The Science of The Total Environment,10.1016/j.scitotenv.2023.161477,滨海湿地与盐沼生态系统；环境因子调控；湿地植被与根际效应,用于背景综述或讨论补充,"Zhang et al., 2023"
"Biodegradable PBAT microplastics adversely affect pakchoi (Brassica chinensis L.) growth and the rhizosphere ecology: Focusing on rhizosphere microbial community composition, element metabolic potential, and root exudates",Yujuan Han; Ying Teng; Xiao Wang; Dan Wen; Peixin Gao; Yan Dong; Ning Yang,2023,The Science of The Total Environment,10.1016/j.scitotenv.2023.169048,环境因子调控；湿地植被与根际效应；微生物群落结构与共现网络,用于背景综述或讨论补充,"Han et al., 2023"
"Bulk soil microbial reservoir or plant recruitment dominates rhizosphere microbial community assembly: Evidence from the rare, endangered Lauraceae species Cinmaomum migao",Jing‐Zhong Chen; Xiaolong Huang; Qing-wen Sun; Jiming Liu,2023,Ecological Indicators,10.1016/j.ecolind.2023.110071,环境因子调控；湿地植被与根际效应；微生物群落结构与共现网络,用于背景综述或讨论补充,"Chen et al., 2023"
"Changes of physiological characteristics, element accumulation and hormone metabolism of tea leaves in response to soil pH",Xiaoli Jia; Qi Zhang; Yuhua Wang; Ying Zhang; Mingzhe Li; Pengyuan Cheng; Meihui Chen; Shaoxiong Lin; Jishuang Zou; Jianghua Ye; Haibin Wang,2023,Frontiers in Plant Science,10.3389/fpls.2023.1266026,环境因子调控；湿地植被与根际效应；微生物群落结构与共现网络,用于背景综述或讨论补充,"Jia et al., 2023"
Community metagenomics reveals the processes of nutrient cycling regulated by microbial functions in soils with P fertilizer input,Lei Liu; Ya Gao; Wenjie Yang; Jinshan Liu; Zhaohui Wang,2023,Plant and Soil,10.1007/s11104-023-05875-1,氮添加/氮沉降与微生物群落；土壤氮循环功能基因与宏基因组；湿地植被与根际效应,用于绪论、方法依据和讨论土壤氮循环功能基因机制,"Liu et al., 2023"
"Composition and assembly mechanisms of prokaryotic communities in wetlands, and their relationships with different vegetation and reclamation methods",Sarfraz Hussain; Min Chen; Yuhong Liu; Ghulam Mustafa; Xue Wang; Jiayuan Liu; Taha Majid Mahmood Sheikh; H. Bano; Talat Bilal Yasoob,2023,The Science of The Total Environment,10.1016/j.scitotenv.2023.166190,滨海湿地与盐沼生态系统；环境因子调控；湿地植被与根际效应,用于背景综述或讨论补充,"Hussain et al., 2023"
"Coupled pyrite and sulfur autotrophic denitrification for simultaneous removal of nitrogen and phosphorus from secondary effluent: feasibility, performance and mechanisms",Zhiqiang Chen; Chao Pang; Qinxue Wen,2023,Water Research,10.1016/j.watres.2023.120422,硝化与氨氧化过程；反硝化过程；环境因子调控,用于背景综述或讨论补充,"Chen et al., 2023"
Coupling of soil methane emissions at different depths under typical coastal wetland vegetation types,Kun Li; Zihao Wang; Qingyue Xiang; Xinkun Zhao; Linhui Ji; Xin Yu; Jingyu Sun; Chenmiao Liu; Xiaoyan Shen; Xiaoya Xu; Qingfeng Chen,2023,Chemosphere,10.1016/j.chemosphere.2023.139505,滨海湿地与盐沼生态系统；环境因子调控；湿地植被与根际效应,用于背景综述或讨论补充,"Li et al., 2023"
"Effect of flumetsulam alone and coexistence with polyethylene microplastics on soil microbial carbon and nitrogen cycles: Elucidation of bacterial community structure, functional gene expression, and enzyme activity",Jingwen Zhang; Zongyuan Xiao; Dengtan Li; Xiaole Wang; Chengbo Lu; Zhongkun Du; Bing Li; Jinhua Wang; Jun Wang; Lusheng Zhu,2023,Journal of Hazardous Materials,10.1016/j.jhazmat.2023.132367,土壤氮循环功能基因与宏基因组；环境因子调控；微生物群落结构与共现网络,用于绪论、方法依据和讨论土壤氮循环功能基因机制,"Zhang et al., 2023"
Effects of plants and soil microorganisms on organic carbon and the relationship between carbon and nitrogen in constructed wetlands,Yan Wang; Fan Wu; Xin Li; Changchao Li; Yongkang Zhao; Yuxue Gao; Jian Liu,2023,Environmental Science and Pollution Research,10.1007/s11356-023-26489-1,滨海湿地与盐沼生态系统；环境因子调控；湿地植被与根际效应,用于背景综述或讨论补充,"Wang et al., 2023"
"Globally nitrogen addition alters soil microbial community structure, but has minor effects on soil microbial diversity and richness",Xudong Wang; Jiguang Feng; Gukailin Ao; Wenkuan Qin; Mengguang Han; Yawen Shen; Mengli Liu; Ying Chen; Biao Zhu,2023,Soil Biology and Biochemistry,10.1016/j.soilbio.2023.108982,氮添加/氮沉降与微生物群落；环境因子调控；微生物群落结构与共现网络,用于背景综述或讨论补充,"Wang et al., 2023"
Immediate response of paddy soil microbial community and structure to moisture changes and nitrogen fertilizer application,Linrong Han; Hongling Qin; Jingyuan Wang; Dongliang Yao; Leyan Zhang; Jiahua Guo; Baoli Zhu,2023,Frontiers in Microbiology,10.3389/fmicb.2023.1130298,氮添加/氮沉降与微生物群落；环境因子调控；微生物群落结构与共现网络,用于背景综述或讨论补充,"Han et al., 2023"
"Legacy effects of wheat season organic fertilizer addition on microbial co-occurrence networks, soil function, and yield of the subsequent maize season in a wheat-maize rotation system",Guochun Li; Wenquan Niu; Li Ma; Yadan Du; Qian Zhang; Jun Sun; Kadambot H. M. Siddique,2023,Journal of Environmental Management,10.1016/j.jenvman.2023.119160,氮添加/氮沉降与微生物群落；环境因子调控；微生物群落结构与共现网络,用于背景综述或讨论补充,"Li et al., 2023"
Metagenomics combined with metabolomics reveals the effect of Enterobacter sp. inoculation on the rhizosphere microenvironment of Bidens pilosa L. in heavy metal contaminated soil,Yi Li; Xinwei Shi; Weilan Tan; Qiujie Ling; Fengmei Pei; Shiyu Luo; Peiqing Qin; Huijian Yuan; Liuan Huang; Fangming Yu,2023,Journal of Hazardous Materials,10.1016/j.jhazmat.2023.132033,土壤氮循环功能基因与宏基因组；环境因子调控；湿地植被与根际效应,用于绪论、方法依据和讨论土壤氮循环功能基因机制,"Li et al., 2023"
Nitrogen cycling-related functional genes exhibit higher sensibility in soil than leaf phyllosphere of different tree species in the subtropical forests,Xiuzhen Shi; Liyan Wang; Jiawen Sun; Manuel Esteban Lucas‐Borja; Jianqing Wang,2023,Plant and Soil,10.1007/s11104-023-06223-z,土壤氮循环功能基因与宏基因组；环境因子调控；湿地植被与根际效应,用于绪论、方法依据和讨论土壤氮循环功能基因机制,"Shi et al., 2023"
"Nitrogen fertilization and irrigation types do not affect the overall N2O production potential of a sandy soil, but the microbial community structure and the quantity of functional genes related to the N cycle",Laura Charlotte Storch; Katharina Schulz; Cornelia Rißmann; Eduardo Cerull; Alexander Plakias; Iris Schlichting; Annette Prochnow; Liliane Rueß; Benjamin Trost; Susanne Theuerl,2023,Applied Soil Ecology,10.1016/j.apsoil.2023.105083,土壤氮循环功能基因与宏基因组；环境因子调控；微生物群落结构与共现网络,用于绪论、方法依据和讨论土壤氮循环功能基因机制,"Storch et al., 2023"
Plant invasion strengthens the linkages between dissolved organic matter composition and the microbial community in coastal wetland soils,Xuehui Zhang; Junhong Bai; Zhongsheng Zhang; Tian Xie; Guangliang Zhang; Yue Liu; Guozhu Chen; Zhe Liu,2023,CATENA,10.1016/j.catena.2023.107449,滨海湿地与盐沼生态系统；湿地植被与根际效应；微生物群落结构与共现网络,用于背景综述或讨论补充,"Zhang et al., 2023"
Response of topsoil Fe-bound organic carbon pool and microbial community to Spartina alterniflora invasion in coastal wetlands,Meifen Lin; Yu Chen; Liwen Cheng; Yi Zheng; Weiqi Wang; Jordi Sardans; Zhaoliang Song; Georg Guggenberger; Yuanchun Zou; Xueli Ding; Akash Tariq; Fanjiang Zeng; Abdulwahed Fahad Alrefaei; Josep Peñuelas,2023,CATENA,10.1016/j.catena.2023.107414,滨海湿地与盐沼生态系统；湿地植被与根际效应；微生物群落结构与共现网络,用于背景综述或讨论补充,"Lin et al., 2023"
Responses of soil carbon cycling microbial functional genes to nitrogen and phosphorus addition in saline-sodic soils,Xuejun Du; Yanning Ge; Yun Zhang; Hao Hu; Yiying Zhang; Ziye Yang; Xueqin Ren; Shuwen Hu; Haojie Feng; Yuling Song,2023,Plant and Soil,10.1007/s11104-023-06070-y,土壤氮循环功能基因与宏基因组；环境因子调控；湿地植被与根际效应,用于绪论、方法依据和讨论土壤氮循环功能基因机制,"Du et al., 2023"
Soil bacteria and fungi communities are shaped by elevation influences in Colombian forest and páramo natural ecosystems,Glever Alexander Vélez‐Martínez; Wendy Lorena Reyes-Ardila; Juan Diego Duque-Zapata; Paula Andrea Rugeles-Silva; Jaime Eduardo Muñoz Flórez; Diana López,2023,International Microbiology,10.1007/s10123-023-00392-8,氮添加/氮沉降与微生物群落；环境因子调控；湿地植被与根际效应,用于背景综述或讨论补充,"Vélez‐Martínez et al., 2023"
Soil carbon-fixing bacterial communities respond to plant community change in coastal salt marsh wetlands,Qihang Liao; Chao Lu; Yuan Feng; Qinya Fan; Hongyu Chen; Lin Yang; Penghua Qiu; Ziyue Feng; Chenglong Wang; Xinqing Zou,2023,Applied Soil Ecology,10.1016/j.apsoil.2023.104918,滨海湿地与盐沼生态系统；环境因子调控；湿地植被与根际效应,用于背景综述或讨论补充,"Liao et al., 2023"
Biodegradable film mulching increases soil microbial network complexity and decreases nitrogen-cycling gene abundance,Hao Zhang; Duntao Shu; Jiaqi Zhang; Xuejun Liu; Kai Wang; Rui Jiang,2024,The Science of The Total Environment,10.1016/j.scitotenv.2024.172874,土壤氮循环功能基因与宏基因组；环境因子调控；微生物群落结构与共现网络,用于绪论、方法依据和讨论土壤氮循环功能基因机制,"Zhang et al., 2024"
"Biodegradable microplastics pose greater risks than conventional microplastics to soil properties, microbial community and plant growth, especially under flooded conditions",Jie Wang; Minghao Jia; Long Zhang; Xiaona Li; Xiaokai Zhang; Zhenyu Wang,2024,The Science of The Total Environment,10.1016/j.scitotenv.2024.172949,环境因子调控；湿地植被与根际效应；微生物群落结构与共现网络,用于背景综述或讨论补充,"Wang et al., 2024"
"Decoupling soil community structure, functional composition, and nitrogen metabolic activity driven by salinity in coastal wetlands",Mingcong Li; Wenxi Zhou; Mengyue Sun; Wenchong Shi; Jiaqi Lun; Bo Zhou; Lijun Hou; Zheng Gao,2024,Soil Biology and Biochemistry,10.1016/j.soilbio.2024.109547,滨海湿地与盐沼生态系统；环境因子调控；微生物群落结构与共现网络,用于背景综述或讨论补充,"Li et al., 2024"
Differentiation of fungal trophic guilds to long-term nitrogen addition in a poplar plantation,Nan Yang; Jiangbao Zhang; Jiani Hua; Baohan Song; Tianyi Wang; Wei Xing; Guobing Wang; Lingfeng Mao; Honghua Ruan,2024,Forest Ecology and Management,10.1016/j.foreco.2024.121699,氮添加/氮沉降与微生物群落；环境因子调控；湿地植被与根际效应,用于背景综述或讨论补充,"Yang et al., 2024"
Divergent responses of soil microbial community to long-term nitrogen and phosphorus additions in a subtropical Chinese fir plantation,Fangchao Wang; Qiao Liu; Xiaofei Hu; Xiang-Min Fang; Shengnan Wang; Fusheng Chen,2024,CATENA,10.1016/j.catena.2024.108132,环境因子调控；湿地植被与根际效应；微生物群落结构与共现网络,用于背景综述或讨论补充,"Wang et al., 2024"
Dynamic root microbiome sustains soybean productivity under unbalanced fertilization,Mingxing Wang; An‐Hui Ge; Xingzhu Ma; Xiaolin Wang; Qiujin Xie; Like Wang; Xianwei Song; Mengchen Jiang; Weibing Yang; Jeremy D. Murray; Yayu Wang; Huan Liu; Xiaofeng Cao; Ertao Wang,2024,Nature Communications,10.1038/s41467-024-45925-5,氮添加/氮沉降与微生物群落；环境因子调控；湿地植被与根际效应,用于背景综述或讨论补充,"Wang et al., 2024"
Effects of nitrogen deposition with phosphorus addition on desert steppe plant communities,Leren Liu; Kuo Sun; Ruojun Sun; Quanhui Ma; Yuhui Wang; Bingrui Jia; Guangsheng Zhou; Zhenzhu Xu; Feng Zhang,2024,"Agriculture, Ecosystems & Environment",10.1016/j.agee.2024.108954,氮添加/氮沉降与微生物群落；环境因子调控；湿地植被与根际效应,用于背景综述或讨论补充,"Liu et al., 2024"
Invasion mechanism of Spartina alterniflora by regulating soil sulfur and iron cycling and microbial composition in the Jiuduansha Wetland,Yuanhang Li; Jing Hua; Yanxiang Tao; Chiquan He,2024,Environmental science and pollution research international,10.1007/s11356-024-32118-2,滨海湿地与盐沼生态系统；环境因子调控；湿地植被与根际效应,用于背景综述或讨论补充,"Li et al., 2024"
"Invasion of exotic Spartina alterniflora alters the size, availability, and stability of the soil phosphorus pool in the coastal wetlands of Eastern China",Huan Zhang; Xitong Yang; Yin Zheng; Jiahui Wang; Jinsong Wang; Shuqing An; Xiaoli Cheng; Wen Yang,2024,CATENA,10.1016/j.catena.2024.107909,滨海湿地与盐沼生态系统；环境因子调控；湿地植被与根际效应,用于背景综述或讨论补充,"Zhang et al., 2024"
Microbial functional genes play crucial roles in enhancing soil nutrient availability of halophyte rhizospheres in salinized grasslands,Meng Liang; Yang Wu; Yaokun Jiang; Ziwen Zhao; Jinqiu Yang; Guobin Liu; Sha Xue,2024,The Science of The Total Environment,10.1016/j.scitotenv.2024.178160,土壤氮循环功能基因与宏基因组；环境因子调控；湿地植被与根际效应,用于绪论、方法依据和讨论土壤氮循环功能基因机制,"Liang et al., 2024"
Nanoscale‑boron nitride positively alters rhizosphere microbial communities and subsequent cucumber (Cucumis sativa) growth: A metagenomic analysis,Xinxin Xu; Yi Hao; Zeyu Cai; Yini Cao; Weili Jia; Jian Zhao; Jason C. White; Chuanxin Ma,2024,The Science of The Total Environment,10.1016/j.scitotenv.2024.178115,土壤氮循环功能基因与宏基因组；环境因子调控；湿地植被与根际效应,用于绪论、方法依据和讨论土壤氮循环功能基因机制,"Xu et al., 2024"
Nitrogen deposition in the middle-aged and mature coniferous forest: Impacts on soil microbial community structure and function,Jun Zhang; Fei Yu; Zhaoyong Hu; Shouqin Sun; Xiangyang Sun; Juying Sun; Wei Zhang; Genxu Wang,2024,Applied Soil Ecology,10.1016/j.apsoil.2024.105610,氮添加/氮沉降与微生物群落；环境因子调控；微生物群落结构与共现网络,用于背景综述或讨论补充,"Zhang et al., 2024"
Nonlinear response of soil microbial network complexity to long-term nitrogen addition in a semiarid grassland: Implications for soil carbon processes,Yaodan Zhang; Decao Niu; Qingwei Li; Huiying Liu; Ying Wang; Jingrun Xu; Baoming Du; Ding Guo; Yubing Liu; Hua Fu; Xiaobo Yuan,2024,Agriculture Ecosystems & Environment,10.1016/j.agee.2024.109407,氮添加/氮沉降与微生物群落；环境因子调控；微生物群落结构与共现网络,用于背景综述或讨论补充,"Zhang et al., 2024"
Responses of soil microbial community structure under litter to changes in precipitation and nitrogen addition in a desert steppe,Jinpeng Ma; Lin Chen; Danbo Pang; Yinglong Chen; Mengyao Wu; Yaqi Zhang; Wenqiang He; Xuebin Li,2024,European Journal of Soil Biology,10.1016/j.ejsobi.2024.103696,氮添加/氮沉降与微生物群落；环境因子调控；微生物群落结构与共现网络,用于背景综述或讨论补充,"Ma et al., 2024"
Shifts in Microbial Community Structure and Co-occurrence Network along a Wide Soil Salinity Gradient,Li Yan; Juan Wang; Eryang Li; Xiaodong Yang; Jianjun Yang,2024,Microorganisms,10.3390/microorganisms12071268,滨海湿地与盐沼生态系统；环境因子调控；微生物群落结构与共现网络,用于背景综述或讨论补充,"Yan et al., 2024"
Source and degradation of soil organic matter in different vegetations along a salinity gradient in the Yellow River Delta wetland,Xin Ni; Guangming Zhao; John R. White; Peng Yao; Kehui Xu; Yadav Sapkota; Jiancong Liu; Hao Zheng; Dapeng Su; Lei He; Qiang Liu; Shixiong Yang; Hongming Yuan; Xigui Ding; Yao Zhang; Siyuan Ye,2024,CATENA,10.1016/j.catena.2024.108603,滨海湿地与盐沼生态系统；环境因子调控；湿地植被与根际效应,用于背景综述或讨论补充,"Ni et al., 2024"
Spartina alterniflora invasion decouples multiple elements in coastal wetland soils,Haobo Wu; Zhongsheng Zhang; Wenwen Zhao; Hongbiao Jin; Luan Sang; Haitao Wu,2024,The Science of The Total Environment,10.1016/j.scitotenv.2024.171502,滨海湿地与盐沼生态系统；环境因子调控；湿地植被与根际效应,用于背景综述或讨论补充,"Wu et al., 2024"
"The mycorrhizal symbiosis: research frontiers in genomics, ecology, and agricultural application",Francis Martin; Marcel G. A. van der Heijden,2024,New Phytologist,10.1111/nph.19541,环境因子调控；湿地植被与根际效应；微生物群落结构与共现网络,用于背景综述或讨论补充,"Martin and Heijden, 2024"
Unveiling salinity-driven shifts in microbial community composition across compartments of naturally saline inland streams,Paul A. Ayayee; Gordon Custer; Lusha M. Tronstad; Linda T. A. van Diepen,2024,Hydrobiologia,10.1007/s10750-024-05479-5,氮添加/氮沉降与微生物群落；环境因子调控；微生物群落结构与共现网络,用于背景综述或讨论补充,"Ayayee et al., 2024"
[Effects of Different Forms of Nitrogen Addition on Soil Physical and Chemical Properties and Microbial Community Structure of Perennial Alpine Cultivated Grassland].,Yongshang Tong; Chunping Zhang; Quanmin Dong; Zengzeng Yang; Xiaofang Zhang; Lian Huo; Quan Cao; Z.H. Zhang; Yang Yu; Xiaoxia Yang,2024,PubMed,10.13227/j.hjkx.202307216,氮添加/氮沉降与微生物群落；环境因子调控；微生物群落结构与共现网络,用于背景综述或讨论补充,"Tong et al., 2024"
"Bacterial network complexity drives carbon, nitrogen and phosphorus metabolism potential under short-term soil water content changes in wetlands",Shouyang Luo; Jiabao Yuan; Yanyu Song; Qi Jia; Mengyuan Zhu; Huanhuan Feng; Yiting Zhao; Wenkai Mei; Fei‐Xue Fu; Xiaoyu Li; Changchun Song,2025,Environmental Research,10.1016/j.envres.2025.122952,滨海湿地与盐沼生态系统；环境因子调控；微生物群落结构与共现网络,用于背景综述或讨论补充,"Luo et al., 2025"
Effect of salinity and soil aggregate size on microbial community involved in carbon and nitrogen cycling,Jiuwei Song; Yuhan Cai; Yunxiu Zhao; Xingmei Liu,2025,Plant and Soil,10.1007/s11104-025-07862-0,环境因子调控；湿地植被与根际效应；微生物群落结构与共现网络,用于背景综述或讨论补充,"Song et al., 2025"
Impacts of Spartina alterniflora invasion on coastal carbon cycling within a native Phragmites australis-dominated wetland,Ying Huang; Jiangtao Wang; Pengfei Wu; Zheng Duan; Xiuzhen Li; Jianwu Tang,2025,Agricultural and Forest Meteorology,10.1016/j.agrformet.2025.110405,滨海湿地与盐沼生态系统；环境因子调控；湿地植被与根际效应,用于背景综述或讨论补充,"Huang et al., 2025"
Mechanisms of plant-derived and microbial residue carbon in coastal wetland soils in response to salinity gradients,Xinkun Zhao; Jingyu Sun; Chenmiao Liu; Enyue Zhang; Guoliang Zhao; Qingfeng Chen,2025,CATENA,10.1016/j.catena.2025.109108,滨海湿地与盐沼生态系统；环境因子调控；湿地植被与根际效应,用于背景综述或讨论补充,"Zhao et al., 2025"
Rare Taxa as Key Drivers of Soil Multi-Nutrient Cycling Under Different Crop Types,Qingmiao Yang; Hanwen Liu; Biao Tang; Chunxiao Yu; Shide Dong; Yang Li; Guangxu Cui; Yi Zhang; Guangmei Wang,2025,Microorganisms,10.3390/microorganisms13030513,环境因子调控；湿地植被与根际效应；微生物群落结构与共现网络,用于背景综述或讨论补充,"Yang et al., 2025"
Spartina alterniflora invasion enhances sediment nitrification processes in coastal wetland,Xianbiao Lin; Dongyao Sun; Zihao Wang; Dengzhou Gao; Weifang Hu; Wei Du,2025,Plant and Soil,10.1007/s11104-025-07522-3,硝化与氨氧化过程；滨海湿地与盐沼生态系统；湿地植被与根际效应,用于背景综述或讨论补充,"Lin et al., 2025"
Spartina alterniflora invasion exacerbates soil microbial carbon and phosphorus co-limitations and alters microbial carbon and nitrogen use efficiency in the coastal wetlands of eastern China,Tingting Nong; Xitong Yang; Rou Pan; Yuxuan Zhao; Xiangyu Liu; Jiahui Wang; Zheng Yin; Bin Yan; Lu Xia; Shuqing An; Wen Yang,2025,Ecological Processes,10.1186/s13717-025-00637-6,滨海湿地与盐沼生态系统；环境因子调控；湿地植被与根际效应,用于背景综述或讨论补充,"Nong et al., 2025"
The Long-Term Effect of Biochar Amendment on Soil Biochemistry and Phosphorus Availability of Calcareous Soils,Qing‐Song Yuan; Ya Gao; Guozhen Ma; Haizhong Wu; Qingsong Li; Yali Zhang; Shiliang Liu; Xiaolei Jie; Dengxiao Zhang; Daichang Wang,2025,Agriculture,10.3390/agriculture15050458,土壤氮循环功能基因与宏基因组；固氮过程；环境因子调控,用于绪论、方法依据和讨论土壤氮循环功能基因机制,"Yuan et al., 2025"
Wetland types shape microbial function related to soil phosphorus cycling based on metagenomics analysis.,Meiqing Jia; Zhiwei Gao; Xuefeng Hu; Mengqiong Feng; Fanhui Liu; Jing Huang; Ruwen Zhang; Jing Li; Guogang Zhang; Yidong Wang,2025,Journal of Environmental Science,10.1016/j.jes.2025.03.009,土壤氮循环功能基因与宏基因组；滨海湿地与盐沼生态系统；环境因子调控,用于绪论、方法依据和讨论土壤氮循环功能基因机制,"Jia et al., 2025"
"Nitrogen deposition affects microbial functional capacities, including carbon utilization",,,,10.21203/rs.3.rs-2818859/v1,氮添加/氮沉降与微生物群落；环境因子调控,用于背景综述或讨论补充,"Anonymous, n.d."
Sources and distribution of aliphatic amines in salt marsh sediment,Xu-Chen Wang; Cindy Lee,1994,Organic Geochemistry,10.1016/0146-6380(94)90034-5,滨海湿地与盐沼生态系统；环境因子调控,用于背景综述或讨论补充,"Wang and Lee, 1994"
Agricultural inputs of mecoprop to a salt marsh system: Its fate and distribution within the sediment profile,C.A. Fletcher; J.M. Bubb; J.N. Lester,1995,Marine Pollution Bulletin,10.1016/0025-326x(95)00073-v,滨海湿地与盐沼生态系统；环境因子调控,用于背景综述或讨论补充,"Fletcher et al., 1995"
Novel Metal Resistance Genes from Microorganisms: A Functional Metagenomic Approach,José E. González-Pastor; Salvador Mirete,2010,Methods in Molecular Biology,10.1007/978-1-60761-823-2_19,土壤氮循环功能基因与宏基因组；环境因子调控,用于绪论、方法依据和讨论土壤氮循环功能基因机制,"González-Pastor and Mirete, 2010"
"Linking microbial communities, functional genes and nitrogen-cycling processes in forest floors under four tree species",Relena R. Ribbons; David J. Levy-Booth; Jacynthe Masse; Sue J. Grayston; Morag A. McDonald; Lars Vesterdal; Cindy E. Prescott,2016,Soil Biology and Biochemistry,10.1016/j.soilbio.2016.07.024,土壤氮循环功能基因与宏基因组；环境因子调控,用于绪论、方法依据和讨论土壤氮循环功能基因机制,"Ribbons et al., 2016"
Quantitative and compositional responses of ammonia-oxidizing archaea and bacteria to long-term field fertilization,Chao Xue; Xu Zhang; Chen Zhu; Jun Zhao; Ping Zhu; Chang Peng; Ning Ling; Qirong Shen,2016,Scientific Reports,10.1038/srep28981,氮添加/氮沉降与微生物群落；硝化与氨氧化过程,用于背景综述或讨论补充,"Xue et al., 2016"
"Microbial Communities, Functional Genes, and Nitrogen Cycling Processes as Affected by Tree Species",Relena R. Ribbons; Morag A. Mcdonald; Lars Vesterdal,2017,Soil Biological Communities and Ecosystem Resilience,10.1007/978-3-319-63336-7_13,土壤氮循环功能基因与宏基因组；环境因子调控,用于绪论、方法依据和讨论土壤氮循环功能基因机制,"Ribbons et al., 2017"
Spartina alterniflora invasion alters soil microbial metabolism in coastal wetland of China,Yong-Xue Li; Pedro Laborda; Xiao-Ling Xie; Rong Zhou; Yao Chen; Teng Li; Zheng-Hui Pu; Yu-Lu Wang; Zi-Fa Deng,2020,"Estuarine, Coastal and Shelf Science",10.1016/j.ecss.2020.106982,滨海湿地与盐沼生态系统；湿地植被与根际效应,用于背景综述或讨论补充,"Li et al., 2020"
C:N:P stoichiometry responses to 10 years of nitrogen addition differ across soil components and plant organs in a subtropical Pleioblastus amarus forest,Zengyan Li; Xirong Qiu; Yu Sun; Sining Liu; Hongling Hu; Jiulong Xie; Gang Chen; Yinlong Xiao; Yi Tang; Lihua Tu,2021,The Science of The Total Environment,10.1016/j.scitotenv.2021.148925,氮添加/氮沉降与微生物群落；湿地植被与根际效应,用于背景综述或讨论补充,"Li et al., 2021"
Characteristics of iron cycle and its driving mechanism during the development of biological soil crusts associated with desert revegetation,Yubing Liu; Yansong Wang; Zengru Wang; Tianpeng Gao,2021,Soil Biology and Biochemistry,10.1016/j.soilbio.2021.108487,环境因子调控；湿地植被与根际效应,用于背景综述或讨论补充,"Liu et al., 2021"
Climatic and soil factors explain the two-dimensional spectrum of global plant trait variation,Julia Joswig; Christian Wirth; Meredith C. Schuman; Jens Kattge; Björn Reu; Ian J. Wright; Sebastian Sippel; Nadja Rüger; Ronny Richter; Michael E. Schaepman; Peter M. van Bodegom; Johannes H. C. Cornelissen; Sandra Dı́az; Wesley Hattingh; K. Krämer; Frederic Lens; Ülo Niinemets; Peter B. Reich; Markus Reichstein; Christine Römermann,2021,Nature Ecology & Evolution,10.1038/s41559-021-01616-8,环境因子调控；湿地植被与根际效应,用于背景综述或讨论补充,"Joswig et al., 2021"
Contrasting effects of warming and N deposition on soil microbial functional genes in a subtropical forest,Qiufang Zhang; Jiacong Zhou; Xiaojie Li; Yong Zheng; Lin Xie; Zhijie Yang; Xiaofei Liu; Chao Xu; Huiying Lin; Xiaochun Yuan; Cheng‐Chung Liu; Biao Zhu; Yuehmin Chen; Yusheng Yang,2021,Geoderma,10.1016/j.geoderma.2021.115588,土壤氮循环功能基因与宏基因组；环境因子调控,用于绪论、方法依据和讨论土壤氮循环功能基因机制,"Zhang et al., 2021"
Crab bioturbation alters nitrogen cycling and promotes nitrous oxide emission in intertidal wetlands: Influence and microbial mechanism,Zhirui An; Dengzhou Gao; Feiyang Chen; Li Wu; Jie Zhou; Zongxiao Zhang; Hongpo Dong; Guoyu Yin; Ping Han; Xia Liang; Min Liu; Lijun Hou; Yanling Zheng,2021,The Science of The Total Environment,10.1016/j.scitotenv.2021.149176,滨海湿地与盐沼生态系统；环境因子调控,用于背景综述或讨论补充,"An et al., 2021"
Ecological memory of recurrent drought modifies soil processes via changes in soil microbial community,Alberto Canarini; Hannes Schmidt; Lucia Fuchslueger; Victoria Martin; Craig W. Herbold; David Zezula; Philipp Gündler; Roland Hasibeder; Marina Jecmenica; Michael Bahn; Andreas Richter,2021,Nature Communications,10.1038/s41467-021-25675-4,环境因子调控；微生物群落结构与共现网络,用于背景综述或讨论补充,"Canarini et al., 2021"
Endophytic fungi as direct plant growth promoters for sustainable agricultural production,Jorge Poveda; Daniel Eugui; Patricia Abril‐Urías; Pablo Velasco,2021,Symbiosis,10.1007/s13199-021-00789-x,环境因子调控；湿地植被与根际效应,用于背景综述或讨论补充,"Poveda et al., 2021"
Global meta-analysis of terrestrial nitrous oxide emissions and associated functional genes under nitrogen addition,Luncheng You; Gerard H. Ros; Yongliang Chen; Xue Yang; Zhenling Cui; Xuejun Liu; Rongfeng Jiang; Fusuo Zhang; W. de Vries,2021,Soil Biology and Biochemistry,10.1016/j.soilbio.2021.108523,氮添加/氮沉降与微生物群落；土壤氮循环功能基因与宏基因组,用于绪论、方法依据和讨论土壤氮循环功能基因机制,"You et al., 2021"
Nitrogen addition stimulates priming effect in a subtropical forest soil,Qiufang Zhang; Lei Cheng; Jiguang Feng; Kongcan Mei; Quanxin Zeng; Biao Zhu; Yuehmin Chen,2021,Soil Biology and Biochemistry,10.1016/j.soilbio.2021.108339,氮添加/氮沉降与微生物群落；环境因子调控,用于背景综述或讨论补充,"Zhang et al., 2021"
Nitrogen cycling in plant and soil subsystems is driven by changes in soil salinity following coastal embankment in typical coastal saltmarsh ecosystems of Eastern China,Hongyu Feng; Hui Zhao; Lu Xia; Wen Yang; Yongqiang Zhao; Nasreen Jeelani; Shuqing An,2021,Ecological Engineering,10.1016/j.ecoleng.2021.106467,环境因子调控；湿地植被与根际效应,用于背景综述或讨论补充,"Feng et al., 2021"
Nitrogen removal by eutrophic coastal wetlands accomplished with CH4 emission reduction,Hualei Yang; Xuechu Chen; Chunsong Zhang; Mingming Zhao; Xinmeng Zhao; Danielle C. Perry; Jianwu Tang,2021,Journal of Cleaner Production,10.1016/j.jclepro.2021.130082,滨海湿地与盐沼生态系统；环境因子调控,用于背景综述或讨论补充,"Yang et al., 2021"
Nitrogen transformations in constructed wetlands: A closer look at plant-soil interactions using chemical imaging,Samantha C. Nyer; Nils Volkenborn; Robert C. Aller; Molly Graffam; Qingzhi Zhu; R.E. Price,2021,The Science of The Total Environment,10.1016/j.scitotenv.2021.151560,滨海湿地与盐沼生态系统；湿地植被与根际效应,用于背景综述或讨论补充,"Nyer et al., 2021"
Plant litter quality regulates soil eco-enzymatic stoichiometry and microbial nutrient limitation in a citrus orchard,Quanchao Zeng; Zhe Chen; Wenfeng Tan,2021,Plant and Soil,10.1007/s11104-021-05025-5,环境因子调控；湿地植被与根际效应,用于背景综述或讨论补充,"Zeng et al., 2021"
Porewater exchange drives nutrient cycling and export in a mangrove-salt marsh ecotone,Fenfang Wang; Kai Xiao; Isaac R. Santos; Zeyang Lu; Joseph Tamborski; Yao Wang; Ruifeng Yan; Nengwang Chen,2021,Journal of Hydrology,10.1016/j.jhydrol.2021.127401,滨海湿地与盐沼生态系统；环境因子调控,用于背景综述或讨论补充,"Wang et al., 2021"
Simulation of the effects of microplastics on the microbial community structure and nitrogen cycle of paddy soil,Xia Sun; Xiaoying Zhang; Yuxiang Xia; Ruidong Tao; Meng Zhang; Yunjun Mei; Mengjie Qu,2021,The Science of The Total Environment,10.1016/j.scitotenv.2021.151768,环境因子调控；微生物群落结构与共现网络,用于背景综述或讨论补充,"Sun et al., 2021"
Spartina alterniflora raised soil sulfide content by regulating sulfur cycle-associated bacteria in the Jiuduansha Wetland of China,Chi He; Liyu Cheng; Daoyuan Wang; Zhenzhen Zhao; Zhenyu Wang; Feifei Wang; Xiaoxi Wang; Pu Zhang; Xueping Chen; Xiaoyan Liu,2021,Plant and Soil,10.1007/s11104-021-05154-x,滨海湿地与盐沼生态系统；湿地植被与根际效应,用于背景综述或讨论补充,"He et al., 2021"
Changes to the structure and function of microbial communities in Spartina alterniflora and Kandelia obovata sediments as a factor of stand age,Li Song; Qiuxuan Wang; Yaojia Zhu; George Christakos; Jiaping Wu,2022,Applied Soil Ecology,10.1016/j.apsoil.2022.104544,环境因子调控；湿地植被与根际效应,用于背景综述或讨论补充,"Song et al., 2022"
"Characteristics of carbon, nitrogen, phosphorus and sulfur cycling genes, microbial community metabolism and key influencing factors during composting process supplemented with biochar and biogas residue",Nanyi Wang; Keqi Zhao; Fanghong Li; Hua Peng; Yaoxiong Lu; Lihua Zhang; Junting Pan; Shilin Jiang; Anwei Chen; Binghua Yan; Lin Luo; Hongli Huang; Hui Li; Genyi Wu; Jiachao Zhang,2022,Bioresource Technology,10.1016/j.biortech.2022.128224,环境因子调控；微生物群落结构与共现网络,用于背景综述或讨论补充,"Wang et al., 2022"
"Climate warming, but not Spartina alterniflora invasion, enhances wetland soil HONO and NOx emissions.",Dianming Wu; Lin Deng; Yihua Sun; Ruhai Wang; Li Zhang; Rui Wang; Yaqi Song; Zhiwei Gao; Haroon Haider; Yue Wang; L. Hou; Min Liu,2022,Science of the Total Environment,10.1016/j.scitotenv.2022.153710,滨海湿地与盐沼生态系统；湿地植被与根际效应,用于背景综述或讨论补充,"Wu et al., 2022"
"Denitrifying anaerobic methane oxidation and mechanisms influencing it in Yellow River Delta coastal wetland soil, China",Zihao Wang; Jinye Li; Xiaoya Xu; Kun Li; Qingfeng Chen,2022,Chemosphere,10.1016/j.chemosphere.2022.134345,滨海湿地与盐沼生态系统；环境因子调控,用于背景综述或讨论补充,"Wang et al., 2022"
Disturbance legacies regulate coastal forest soil stability to changing salinity and inundation: A soil transplant experiment,Anya M. Hopple; Stephanie Pennington; J. Patrick Megonigal; Vanessa Bailey; Ben Bond‐Lamberty,2022,Soil Biology and Biochemistry,10.1016/j.soilbio.2022.108675,环境因子调控；湿地植被与根际效应,用于背景综述或讨论补充,"Hopple et al., 2022"
"Effects of pyroxsulam on soil enzyme activity, nitrogen and carbon cycle-related gene expression, and bacterial community structure",Dengtan Li; Shujuan Sun; Tongtong Zhou; Zhongkun Du; Jun Wang; Bing Li; Jinhua Wang; Lusheng Zhu,2022,Journal of Cleaner Production,10.1016/j.jclepro.2022.131821,环境因子调控；微生物群落结构与共现网络,用于背景综述或讨论补充,"Li et al., 2022"
Highly enhanced removal of nutrients and benzo[a]pyrene in a siphon constructed wetland with magnetite: Performance and mechanisms,Jiaxing Lu; Zizhang Guo; Mingyu He; Zhen Hu; Haiming Wu; Lin-Lan Zhuang; Qiang Kong; Jian Zhang,2022,Chemical Engineering Journal,10.1016/j.cej.2022.136895,滨海湿地与盐沼生态系统；环境因子调控,用于背景综述或讨论补充,"Lu et al., 2022"
Impact of environmental factors on the diversity of nitrogen-removal bacteria in wetlands in the Sanmenxia Reservoir of the Yellow River,Tao Li; Yiqiao Zhou; Fan Yang; Qingsong Guan; Qingbin Li; Hongyan Liang; Jun Zhao,2022,Journal of Soils and Sediments,10.1007/s11368-022-03405-7,滨海湿地与盐沼生态系统；环境因子调控,用于背景综述或讨论补充,"Li et al., 2022"
Linking nitrogen- and straw-sensitive indicator species and their co-occurrences to priming effect in agricultural soil exposed to long-term nitrogen fertilization,Hewei Chen; Wenjuan Li; Wanning Zheng; Chang Yin; Xiaoping Fan; Mujun Ye; Zixiang Gao; Chunyan Wu; Yongchao Liang,2022,Soil Biology and Biochemistry,10.1016/j.soilbio.2022.108881,环境因子调控；微生物群落结构与共现网络,用于背景综述或讨论补充,"Chen et al., 2022"
"Long-term saline water drip irrigation alters soil physicochemical properties, bacterial community structure, and nitrogen transformations in cotton",Xiaowen Guo; Siyao Du; Huijuan Guo; Min Wei,2022,Applied Soil Ecology,10.1016/j.apsoil.2022.104719,环境因子调控；微生物群落结构与共现网络,用于背景综述或讨论补充,"Guo et al., 2022"
Long-term warming reduced microbial biomass but increased recent plant-derived C in microbes of a subarctic grassland,Niel Verbrigghe; Kathiravan Meeran; Michael Bahn; Alberto Canarini; Erik Fransén; Lucia Fuchslueger; Johannes Ingrisch; Ivan A. Janssens; Andreas Richter; Bjarni D. Sigurðsson; Jennifer L. Soong; Sara Vicca,2022,Soil Biology and Biochemistry,10.1016/j.soilbio.2022.108590,环境因子调控；湿地植被与根际效应,用于背景综述或讨论补充,"Verbrigghe et al., 2022"
Metagenomic insights into the effects of organic and inorganic agricultural managements on soil phosphorus cycling,Xionghui Liao; Jie Zhao; Qing Yi; Jiangnan Li; Zhilei Li; Shanshan Wu; Wei Zhang; Kelin Wang,2022,Agriculture Ecosystems & Environment,10.1016/j.agee.2022.108281,土壤氮循环功能基因与宏基因组；环境因子调控,用于绪论、方法依据和讨论土壤氮循环功能基因机制,"Liao et al., 2022"
Metagenomics reveals N-induced changes in carbon-degrading genes and microbial communities of tea (Camellia sinensis L.) plantation soil under long-term fertilization,Xiangde Yang; Kang Ni; Yuanzhi Shi; Xiaoyun Yi; Lingfei Ji; Sirou Wei; Yanyan Jiang; Yongli Zhang; Yanjiang Cai; Qingxu Ma; Sheng Tang; Lifeng Ma; Jianyun Ruan,2022,The Science of The Total Environment,10.1016/j.scitotenv.2022.159231,土壤氮循环功能基因与宏基因组；湿地植被与根际效应,用于绪论、方法依据和讨论土壤氮循环功能基因机制,"Yang et al., 2022"
Nitrogen input promotes denitrifying methanotrophs’ abundance and contribution to methane emission reduction in coastal wetland and paddy soil,Jiaqi Wang; Xiangwu Yao; Zhongjun Jia; Lizhong Zhu; Ping Zheng; Boran Kartal; Baolan Hu,2022,Environmental Pollution,10.1016/j.envpol.2022.119090,滨海湿地与盐沼生态系统；环境因子调控,用于背景综述或讨论补充,"Wang et al., 2022"
Responses of functional genes involved in nitrogen cycling to green manuring in different paddy soils in south China,Shun Li; Hai Liang; Yun Wang; Zihan Zhang; Lei Zhang; Guopeng Zhou; Songjuan Gao; Weidong Cao,2022,Plant and Soil,10.1007/s11104-022-05491-5,土壤氮循环功能基因与宏基因组；湿地植被与根际效应,用于绪论、方法依据和讨论土壤氮循环功能基因机制,"Li et al., 2022"
Rhizosphere effects on soil organic carbon processes in terrestrial ecosystems: A meta-analysis,Xuechao Zhao; Peng Tian; Zhaolin Sun; Shengen Liu; Qingkui Wang; Zhangquan Zeng,2022,Geoderma,10.1016/j.geoderma.2022.115739,环境因子调控；湿地植被与根际效应,用于背景综述或讨论补充,"Zhao et al., 2022"
Soil Acidification Under Long-Term N Addition Decreases the Diversity of Soil Bacteria and Fungi and Changes Their Community Composition in a Semiarid Grassland,Bing Song; Yong Li; Liuyi Yang; Huiqiu Shi; Linghao Li; Wenming Bai; Ying Zhao,2022,Microbial Ecology,10.1007/s00248-021-01954-x,氮添加/氮沉降与微生物群落；环境因子调控,用于背景综述或讨论补充,"Song et al., 2022"
Structure and function of the soil microbiome underlying N2O emissions from global wetlands,Mohammad Bahram; Mikk Espenberg; Jaan Pärn; Laura E. Lehtovirta‐Morley; Sten Anslan; Kuno Kasak; Urmas Kõljalg; Jaan Liira; Martin Maddison; Mari Moora; Ülo Niinemets; Maarja Öpik; Meelis Pärtel; Kaido Soosaar; Martin Zobel; Falk Hildebrand; Leho Tedersoo; Ülo Mander,2022,Nature Communications,10.1038/s41467-022-29161-3,滨海湿地与盐沼生态系统；环境因子调控,用于背景综述或讨论补充,"Bahram et al., 2022"
The addition of biochar and nitrogen alters the microbial community and their cooccurrence network by affecting soil properties,Minshu Yuan; Xiao‐Zhen Zhu; Haoran Sun; Jingrong Song; Chen Li; Yufang Shen; Shiqing Li,2022,Chemosphere,10.1016/j.chemosphere.2022.137101,环境因子调控；微生物群落结构与共现网络,用于背景综述或讨论补充,"Yuan et al., 2022"
The importance of rest phase and pollutant removal mechanism of tidal flow constructed wetlands (TFCW) in rural grey water treatment,Yong Liao; Zhigang Wan; Xuekang Cao; Lei Jiang; Lihua Feng; Hao Zheng; Fangying Ji,2022,Chemosphere,10.1016/j.chemosphere.2022.137010,滨海湿地与盐沼生态系统；环境因子调控,用于背景综述或讨论补充,"Liao et al., 2022"
The responses of soil bacterial and archaeal communities to coastal embankments in three typical salt marshes of Eastern China,Hongyu Feng; Yajun Qiao; Lu Xia; Wen Yang; Yongqiang Zhao; Nasreen Jeelani; Shuqing An,2022,Plant and Soil,10.1007/s11104-022-05423-3,滨海湿地与盐沼生态系统；湿地植被与根际效应,用于背景综述或讨论补充,"Feng et al., 2022"
Biological nitrogen fixation and the role of soil diazotroph niche breadth in representative terrestrial ecosystems,Wenbo Hu; Xiaomi Wang; Yongfeng Xu; Xia Wang; Zhiying Guo; Xianzhang Pan; Shixiang Dai; Yongming Luo; Ying Teng,2023,Soil Biology and Biochemistry,10.1016/j.soilbio.2023.109261,固氮过程；环境因子调控,用于背景综述或讨论补充,"Hu et al., 2023"
Coastal vegetation and estuaries are collectively a greenhouse gas sink,Judith A. Rosentreter; Goulven G. Laruelle; Hermann W. Bange; Thomas S. Bianchi; Julius Busecke; Wei‐Jun Cai; Bradley D. Eyre; Inke Forbrich; Eun Young Kwon; Taylor Maavara; Nils Moosdorf; Raymond G. Najjar; V. V. S. S. Sarma; Bryce Van Dam; Pierre Regnier,2023,Nature Climate Change,10.1038/s41558-023-01682-9,环境因子调控；湿地植被与根际效应,用于背景综述或讨论补充,"Rosentreter et al., 2023"
Consistent effects of nitrogen addition on soil microbial communities across three successional stages in tropical forest ecosystems,Huiling Guan; Yongqun Zhang; Qinggong Mao; Buqing Zhong; Weibin Chen; Jiangming Mo; Faming Wang; X. L. Lu,2023,CATENA,10.1016/j.catena.2023.107116,氮添加/氮沉降与微生物群落；环境因子调控,用于背景综述或讨论补充,"Guan et al., 2023"
Distinct Responses of Abundant and Rare Soil Bacteria to Nitrogen Addition in Tropical Forest Soils,Jinhong He; Xiangping Tan; Yanxia Nie; Lei Ma; Juxiu Liu; X. L. Lu; Jiangming Mo; Julie Leloup; ﻿Naoise Nunan; Qing Ye; Weijun Shen,2023,Microbiology Spectrum,10.1128/spectrum.03003-22,氮添加/氮沉降与微生物群落；环境因子调控,用于背景综述或讨论补充,"He et al., 2023"
Distinct influence of conventional and biodegradable microplastics on microbe-driving nitrogen cycling processes in soils and plastispheres as evaluated by metagenomic analysis,Xiaojing Hu; Haidong Gu; Xiangxin Sun; Yongbin Wang; Junjie Liu; Zhenhua Yu; Yansheng Li; Jian Jin; Guanghua Wang,2023,Journal of Hazardous Materials,10.1016/j.jhazmat.2023.131097,土壤氮循环功能基因与宏基因组；环境因子调控,用于绪论、方法依据和讨论土壤氮循环功能基因机制,"Hu et al., 2023"
Effect of planting salt-tolerant legumes on coastal saline soil nutrient availability and microbial communities,Yanfen Zheng; Xuwen Cao; Yanan Zhou; Zhe Li; Yanzhe Yang; Dong‐Lin Zhao; Yiqiang Li; Zongchang Xu; Chengsheng Zhang,2023,Journal of Environmental Management,10.1016/j.jenvman.2023.118574,环境因子调控；湿地植被与根际效应,用于背景综述或讨论补充,"Zheng et al., 2023"
"Effects of microplastics and nitrogen deposition on soil multifunctionality, particularly C and N cycling",Shuwu Zhang; Lei Pei; Yanxin Zhao; Jun Shan; Xuebo Zheng; Guangjian Xu; Yuhuan Sun; Fayuan Wang,2023,Journal of Hazardous Materials,10.1016/j.jhazmat.2023.131152,氮添加/氮沉降与微生物群落；环境因子调控,用于背景综述或讨论补充,"Zhang et al., 2023"
Effects of nitrogen and phosphorus additions on soil microbial community structure and ecological processes in the farmland of Chinese Loess Plateau,Zhaoyang Kou; Chunyue Li; Shun Chang; Yu Miao; Wenting Zhang; Qianxue Li; Tinghui Dang; Yi Wang,2023,Journal of Arid Land,10.1007/s40333-023-0023-6,环境因子调控；微生物群落结构与共现网络,用于背景综述或讨论补充,"Kou et al., 2023"
Endogenous mechanism of microbial functional gene and exogenous nitrogen removal factors driven by sustainable iron-nitrogen cycling,Wei Wang; Youyou Hu; Xin Qi; Yanqing He; Yuecheng She; Zhengkui Li,2023,Journal of Cleaner Production,10.1016/j.jclepro.2023.136043,土壤氮循环功能基因与宏基因组；环境因子调控,用于绪论、方法依据和讨论土壤氮循环功能基因机制,"Wang et al., 2023"
Estuarine Sediment Microbiomes from a Chronosequence of Restored Urban Salt Marshes,Nathan Morris; Mary Alldred; Chester B. Zarnoch; S. Elizabeth Alter,2023,Microbial Ecology,10.1007/s00248-023-02193-y,滨海湿地与盐沼生态系统；环境因子调控,用于背景综述或讨论补充,"Morris et al., 2023"
Evaluating response mechanisms of soil microbiomes and metabolomes to Bt toxin additions,Lei Ge; Lili Song; Luyao Wang; Yujie Li; Yu Sun; Cui Wang; Jun Chen; Guogan Wu; Aihu Pan; Yunfei Wu; Zhexue Quan; Peng Li,2023,Journal of Hazardous Materials,10.1016/j.jhazmat.2023.130904,氮添加/氮沉降与微生物群落；环境因子调控,用于背景综述或讨论补充,"Ge et al., 2023"
Exploring organic matter conversion pathway and its effect on nitrogen removal in tidal flow constructed wetlands,Ruiya Chen; Xueyu Liu; Jie Wang; Jieyu Chen; Xiaoning Wang; Yabing Lv; Juchen Xu; Shaodi Wang; Dapeng Li; Xugang He; Jie Hou,2023,Chemosphere,10.1016/j.chemosphere.2023.140927,滨海湿地与盐沼生态系统；环境因子调控,用于背景综述或讨论补充,"Chen et al., 2023"
Function and distribution of nitrogen-cycling microbial communities in the Napahai plateau wetland,Yanmei Li; Lingling Xiong; Hang Yu; Kun Zeng; Yunlin Wei; Haiyan Li; Weikun Zeng; Xiuling Ji,2023,Archives of Microbiology,10.1007/s00203-023-03695-6,土壤氮循环功能基因与宏基因组；滨海湿地与盐沼生态系统,用于绪论、方法依据和讨论土壤氮循环功能基因机制,"Li et al., 2023"
Metagenomic analysis of petroleum biodegradation coupled to specific N-cycling process in oil-contaminated soil,Lulu Kong; Tiebing Xu; Zepeng Wang; Xueyou Wen; Zhen Jiao; Jingze Liu,2023,Applied Soil Ecology,10.1016/j.apsoil.2023.105144,土壤氮循环功能基因与宏基因组；环境因子调控,用于绪论、方法依据和讨论土壤氮循环功能基因机制,"Kong et al., 2023"
"Metagenomics insights into the functional profiles of soil carbon, nitrogen, and phosphorus cycles in a walnut orchard under various regimes of long-term fertilisation",Tianyu Du; Qufei Hu; Wenjing Mao; Yang Zhou; Hong Chen; Linna Sun; Meizhi Zhai,2023,European Journal of Agronomy,10.1016/j.eja.2023.126887,土壤氮循环功能基因与宏基因组；环境因子调控,用于绪论、方法依据和讨论土壤氮循环功能基因机制,"Du et al., 2023"
Microbial traits drive soil priming effect in response to nitrogen addition along an alpine forest elevation gradient,Tiantian Ma; Yabin Zhan; Wenjie Chen; Zhuonan Hou; Shengyang Chai; Junling Zhang; Xinjun Zhang; Ruihong Wang; Rui Liu; Yuquan Wei,2023,The Science of The Total Environment,10.1016/j.scitotenv.2023.167970,氮添加/氮沉降与微生物群落；环境因子调控,用于背景综述或讨论补充,"Ma et al., 2023"
"Microplastics perturb nitrogen removal, microbial community and metabolism mechanism in biofilm system",Tong Wu; Le Zhong; Jie Ding; Ji-Wei Pang; Han-Jun Sun; Mengqi Ding; Nanqi Ren; Shan-Shan Yang,2023,Journal of Hazardous Materials,10.1016/j.jhazmat.2023.131971,环境因子调控；微生物群落结构与共现网络,用于背景综述或讨论补充,"Wu et al., 2023"
Partial substitution of chemical fertilizer with organic fertilizer and slow-release fertilizer benefits soil microbial diversity and pineapple fruit yield in the tropics,Xin Jin; Jinwen Cai; Shuyun Yang; Shoupeng Li; Xujie Shao; Chunmin Fu; Changzhen Li; Changzhen Li; Yan Deng; Jiaquan Huang; Yunze Ruan; Changjiang Li; Changjiang Li,2023,Applied Soil Ecology,10.1016/j.apsoil.2023.104974,氮添加/氮沉降与微生物群落；环境因子调控,用于背景综述或讨论补充,"Jin et al., 2023"
Patterns of bacterial communities in the rhizosphere and rhizoplane of alpine wet meadows,Awais Iqbal; Muhammad Maqsood Ur Rehman; Wasim Sajjad; A. Allan Degen; Muhammad Rafiq; Niu Jiahuan; Salman Khan; Zhanhuan Shang,2023,Environmental Research,10.1016/j.envres.2023.117672,环境因子调控；湿地植被与根际效应,用于背景综述或讨论补充,"Iqbal et al., 2023"
Plant- and microbial-mediated soil organic carbon accumulation in Spartina alterniflora salt marshes,Qihang Liao; Yuan Feng; Qinya Fan; Hongyu Chen; Yameng Wang; Chuchu Zhang; Chao Lu; Penghua Qiu; Chenglong Wang; Xinqing Zou,2023,CATENA,10.1016/j.catena.2023.107777,滨海湿地与盐沼生态系统；湿地植被与根际效应,用于背景综述或讨论补充,"Liao et al., 2023"
"Response of soil iron oxides in freshwater marsh to different tidal hydrology in the Yellow River Estuary wetland, China",Xue Liu; Jifa Qin; Jisong Yang; Jiapeng Zhang; Yunfei Yang; Dandan Sun; Junbao Yu; Yunzhao Li; Di Zhou; Bo Guan; Zhikang Wang,2023,Ecological Engineering,10.1016/j.ecoleng.2023.106942,滨海湿地与盐沼生态系统；环境因子调控,用于背景综述或讨论补充,"Liu et al., 2023"
Role of biochar toward carbon neutrality,Liuwei Wang; Jiayu Deng; Xiaodong Yang; Renjie Hou; Deyi Hou,2023,Carbon Research,10.1007/s44246-023-00035-7,氮添加/氮沉降与微生物群落；环境因子调控,用于背景综述或讨论补充,"Wang et al., 2023"
Soil nitrogen content and key functional microorganisms influence the response of wetland anaerobic oxidation of methane to trivalent iron input,Zihao Wang; Kun Li; Feifei Yan; Qingyue Xiang; Xinkun Zhao; Linhui Ji; Xin Yu; Jingyu Sun; Chenmiao Liu; Xinyi Xu; Xinyi Xu; Ying Zhang; Xiaoyan Shen; Xiaoya Xu; Xiaoya Xu; Qingfeng Chen,2023,Chemosphere,10.1016/j.chemosphere.2023.138183,滨海湿地与盐沼生态系统；环境因子调控,用于背景综述或讨论补充,"Wang et al., 2023"
Spartina alterniflora invasion differentially alters microbial residues and their contribution to soil organic C in coastal marsh and mangrove wetlands,Xueli Ding; Weiqi Wang; Jiahui Wen; Tianshu Feng; Josep Peñuelas; Jordi Sardans; Chao Liang; Evgenios Agathokleous; Chun Wang; Zhaoliang Song; Qiang Li; T. R. Filley; Hongbo He; Xudong Zhang,2023,CATENA,10.1016/j.catena.2023.107246,滨海湿地与盐沼生态系统；湿地植被与根际效应,用于背景综述或讨论补充,"Ding et al., 2023"
Spartina alterniflora raised sediment sulfide in a tidal environment and buffered it with iron in the Jiuduansha Wetland,Yuanhang Li; Jing Hua; Chi He; Daoyuan Wang; Zhenzhen Zhao; Feifei Wang; Yuchen Wang; Xiaoxi Wang; Xueping Chen; Xiaoyan Liu,2023,Journal of Soils and Sediments,10.1007/s11368-023-03656-y,滨海湿地与盐沼生态系统；湿地植被与根际效应,用于背景综述或讨论补充,"Li et al., 2023"
"Bacterial communities and interactions between macrobenthos and microorganisms after Spartina alterniflora invasion and Kandelia obovata plantation in Yueqing Bay, China",Li Song; Qiuxuan Wang; Yanan Di; Jiaping Wu,2024,Ecohydrology & Hydrobiology,10.1016/j.ecohyd.2024.01.001,环境因子调控；湿地植被与根际效应,用于背景综述或讨论补充,"Song et al., 2024"
"Biochar as Soil Amendment in Climate-Smart Agriculture: Opportunities, Future Prospects, and Challenges",Pranaba Nanda Bhattacharyya; Sosanka Protim Sandilya; Bhaskar Sarma; Abhay K. Pandey; Jintu Dutta; Kaberi Mahanta; Didier Lesueur; Bharat Chandra Nath; Dhrubajit Borah; Dhruba Jyoti Borgohain,2024,Journal of soil science and plant nutrition,10.1007/s42729-024-01629-9,环境因子调控；湿地植被与根际效应,用于背景综述或讨论补充,"Bhattacharyya et al., 2024"
Changes in sediment N mineralization and immobilization in association with Spartina alterniflora invasion in mangrove wetland,Zhen Wu; Xiaoqing Wang; Mianrun Chen; Yilin Lai; Xianbiao Lin,2024,Plant and Soil,10.1007/s11104-024-06495-z,滨海湿地与盐沼生态系统；湿地植被与根际效应,用于背景综述或讨论补充,"Wu et al., 2024"
Constructed wetland treating mine drainage wastewater: Performance and microbial mechanisms,Xiaoyong Zhong; Xindong Teng; Bo Tang; Xunan Lin; Junbin Chen; Ronghua Zhao; Qiang Wu; Xiao Huang,2024,Journal of Water Process Engineering,10.1016/j.jwpe.2024.105244,滨海湿地与盐沼生态系统；环境因子调控,用于背景综述或讨论补充,"Zhong et al., 2024"
Conversion of coastal wetlands to paddy fields substantially decreases methane oxidation potential and methanotrophic abundance on the eastern coast of China,Yuling Yang; Weiqi Wang; Qinan Hu; Xiaochen Yao; Wangting Yang; Sile Wen; Haikun Wu; Jinghao Jin; Lidong Shen,2024,Water Research,10.1016/j.watres.2024.122962,滨海湿地与盐沼生态系统；环境因子调控,用于背景综述或讨论补充,"Yang et al., 2024"
Coupling and decoupling of soil carbon and nutrients cycles at different salinity levels in a mangrove wetland: Insights from CUE and enzymatic stoichiometry,Haixiao Zhao; Sibo Zhang; Wei Yang; Feiyang Xia; Hongjiang Guo; Qian Tan,2024,The Science of The Total Environment,10.1016/j.scitotenv.2024.171039,滨海湿地与盐沼生态系统；环境因子调控,用于背景综述或讨论补充,"Zhao et al., 2024"
Different microbial functional traits drive bulk and rhizosphere soil phosphorus mobilization in an alpine meadow after nitrogen input,Bing Han; Yicheng He; Ji Chen; Yufei Wang; Lina Shi; Zhenrong Lin; Lu Yu; Xiaoting Wei; Wantong Zhang; Yiyi Geng; Xinqing Shao; Shangang Jia,2024,The Science of The Total Environment,10.1016/j.scitotenv.2024.172904,环境因子调控；湿地植被与根际效应,用于背景综述或讨论补充,"Han et al., 2024"
"Effects of land-use on soil C, N, and P stocks and stoichiometry in coastal wetlands dependent on soil depth and latitude",Jing Xiong; Xuexin Shao; Niu Li; Haijing Yuan; Enjun Liu; Ming C. Wu,2024,CATENA,10.1016/j.catena.2024.107999,滨海湿地与盐沼生态系统；环境因子调控,用于背景综述或讨论补充,"Xiong et al., 2024"
Effects of nitrile compounds on the structure and function of soil microbial communities as revealed by metagenomes,Ting Gao; Yiwang Wang; Jin-long Lai; Fuli Wang; Ge Yao; Shaoheng Bao; Jiajia Liu; Xiukun Wan; Chang-Er Chen; Yunfei Zhang; Hui Jiang; Shijie Jiang; Penggang Han,2024,Environmental Research,10.1016/j.envres.2024.119700,土壤氮循环功能基因与宏基因组；环境因子调控,用于绪论、方法依据和讨论土壤氮循环功能基因机制,"Gao et al., 2024"
Impact of salinity gradients on nitric oxide emissions and functional microbes in estuarine wetland sediments,Jiang‐Chen Gong; Bing‐Han Li; Chun‐Ying Liu; Peifeng Li; Jingwen Hu; Gui‐Peng Yang,2024,Water Research,10.1016/j.watres.2024.123046,滨海湿地与盐沼生态系统；环境因子调控,用于背景综述或讨论补充,"Gong et al., 2024"
Long-term organic fertilization alters soil microbial community structure and its influence on faba bean production in a six-crop rotation system,Shumiao Jiang; Xue Dong; Wei Feng; Kai‐Hua Wang; Su Wang; Tenglong Wang; Min Lv; Yujie Han; Yanyan Lv; Anyong Hu; Jinbiao Li,2024,Plant and Soil,10.1007/s11104-024-07169-6,湿地植被与根际效应；微生物群落结构与共现网络,用于背景综述或讨论补充,"Jiang et al., 2024"
Metagenomics reveals functional profiles of soil nitrogen and phosphorus cycling under different amendments in saline-alkali soil,Xiaolong Bai; Jinmin Wu; Bangyan Zhang; Hui Zhao; Feng Tian; Bin Wang,2024,Environmental Research,10.1016/j.envres.2024.120686,土壤氮循环功能基因与宏基因组；环境因子调控,用于绪论、方法依据和讨论土壤氮循环功能基因机制,"Bai et al., 2024"
Methane-dependent complete denitrification by a single Methylomirabilis bacterium,Xiangwu Yao; Jiaqi Wang; Mingyue He; Zishu Liu; Yuxiang Zhao; Yufen Li; Taolve Chi; Lin Zhu; Ping Zheng; Mike S. M. Jetten; Baolan Hu,2024,Nature Microbiology,10.1038/s41564-023-01578-6,硝化与氨氧化过程；反硝化过程,用于背景综述或讨论补充,"Yao et al., 2024"
Nitrogen enrichment stimulates rhizosphere multi-element cycling genes via mediating plant biomass and root exudates,Lirong Liao; Jie Wang; Feike A. Dijkstra; Shilong Lei; Lu Zhang; Xiaojun Wang; Guobin Liu; Chao Zhang,2024,Soil Biology and Biochemistry,10.1016/j.soilbio.2023.109306,环境因子调控；湿地植被与根际效应,用于背景综述或讨论补充,"Liao et al., 2024"
"Photo-oxidation of Micro- and Nanoplastics: Physical, Chemical, and Biological Effects in Environments",Yanghui Xu; Qin Ou; Jan Peter van der Hoek; Gang Liu; Kim Maren Lompe,2024,Environmental Science & Technology,10.1021/acs.est.3c07035,环境因子调控；微生物群落结构与共现网络,用于背景综述或讨论补充,"Xu et al., 2024"
Photosynthetic carbon allocation in native and invasive salt marshes undergoing hydrological change,Ya‐Lei Li; Li‐Na Xie; Shihua Li; Dan Zhang; Zhen‐Ming Ge,2024,The Science of The Total Environment,10.1016/j.scitotenv.2024.173232,滨海湿地与盐沼生态系统；环境因子调控,用于背景综述或讨论补充,"Li et al., 2024"
Regulation of drought stress on nutrient cycle and metabolism of rhizosphere microorganisms in desert riparian forest,Wenjing Li; Hengfang Wang; Guanghui Lv; Jinlong Wang; Jianhao Li,2024,The Science of The Total Environment,10.1016/j.scitotenv.2024.176148,环境因子调控；湿地植被与根际效应,用于背景综述或讨论补充,"Li et al., 2024"
"Spatiotemporal successions of N, S, C, Fe, and As cycling genes in groundwater of a wetland ecosystem: Enhanced heterogeneity in wet season",Xianglong Chen; Yizhi Sheng; Guangcai Wang; Pengpeng Zhou; Fu Liao; Hairu Mao; Hongyu Zhang; Zhiyuan Qiao; Yuquan Wei,2024,Water Research,10.1016/j.watres.2024.121105,滨海湿地与盐沼生态系统；环境因子调控,用于背景综述或讨论补充,"Chen et al., 2024"
Structure and Function of Soil Bacterial Communities in the Different Wetland Types of the Liaohe Estuary Wetland,Yunlong Zheng; Fangli Su; Haifu Li; Fei Song; Chao Wei; Panpan Cui,2024,Microorganisms,10.3390/microorganisms12102075,滨海湿地与盐沼生态系统；环境因子调控,用于背景综述或讨论补充,"Zheng et al., 2024"
The Effects of Rock Zones and Tea Tree Varieties on the Growth and Quality of Wuyi Rock Tea Based on the OPLS-DA Model and Machine Learning,Jianghua Ye; Qi Zhang; Miao Jia; Yuhua Wang; Ying Zhang; Xiaoli Jia; Xinyu Zheng; Haibin Wang,2024,Agriculture,10.3390/agriculture14040573,环境因子调控；湿地植被与根际效应,用于背景综述或讨论补充,"Ye et al., 2024"
The impact of global change factors on the functional genes of soil nitrogen and methane cycles in grassland ecosystems: a meta-analysis,Yuhan Liu; Yinghui Liu; Jiaqi Zhang; Jingyi Dong; Siyu Ren,2024,Oecologia,10.1007/s00442-024-05651-7,土壤氮循环功能基因与宏基因组；环境因子调控,用于绪论、方法依据和讨论土壤氮循环功能基因机制,"Liu et al., 2024"
"The short-term effect of simulated acid rain and nitrogen deposition on the soil microbial functional profile targeting C, N, and P cycling",Chong Li; Yong Ding; Shuifeng Zhang; Meiling Chen; Yuhao Wang; Zhaohui Jia; Shilin Ma; Jinchi Zhang; Xin Liu,2024,Applied Soil Ecology,10.1016/j.apsoil.2024.105327,氮添加/氮沉降与微生物群落；环境因子调控,用于背景综述或讨论补充,"Li et al., 2024"
The spatial overlapping regulated by nitrogen promotes the Spartina alterniflora potential invasion in coastal wetlands,Peng Jia; Guojuan Qu; Jing Jia; Changan Liu; Dezhi Li,2024,Ocean & Coastal Management,10.1016/j.ocecoaman.2024.107260,滨海湿地与盐沼生态系统；湿地植被与根际效应,用于背景综述或讨论补充,"Jia et al., 2024"
Characteristics of microbial phosphorus cycling in Phyllostachys praecox forest soils supplemented with the phosphate-solubilizing bacterium Pseudomonas sp. OP1 revealed by metagenomics,Yuwen Peng; Zhiyuan Huang; Fangyuan Bian; Zhizhuang Wu; Zheke Zhong; Xiaoping Zhang,2025,Journal of Environmental Management,10.1016/j.jenvman.2025.127363,土壤氮循环功能基因与宏基因组；环境因子调控,用于绪论、方法依据和讨论土壤氮循环功能基因机制,"Peng et al., 2025"
"Effects of anthropogenic activities on soil microbial communities and greenhouse gas fluxes in coastal wetlands of the Yellow River Delta, China",Jingyu Sun; Xiaoya Xu; Zihao Wang; Kun Li; Chenmiao Liu; Li Chen; Zhengxi Cai; Xinkun Zhao; Xinyi Xu; Hongjie Di; Qingfeng Chen,2025,Journal of Environmental Sciences,10.1016/j.jes.2025.08.066,滨海湿地与盐沼生态系统；环境因子调控,用于背景综述或讨论补充,"Sun et al., 2025"
"Elevated salinity decreases microbial communities complexity and carbon, nitrogen and phosphorus metabolism in the Songnen Plain wetlands of China",Shouyang Luo; Jiabao Yuan; Yanyu Song; Jiusheng Ren; Qi Jia; Mengyuan Zhu; Yisong Feng; Mengting Li; Bowen Wang; Xiaoyu Li; Changchun Song,2025,Water Research,10.1016/j.watres.2025.123285,滨海湿地与盐沼生态系统；环境因子调控,用于背景综述或讨论补充,"Luo et al., 2025"
Impact of salinity on nitrogen cycling and microbial community functional potential in groundwater of the Yellow river delta,Huan Wang; Chuanshun Zhi; Yufei Jiao; Dan Xu; Wenfeng Gao; Yawei Kou; Xiancang Wu; Jing Bai; Hui Mu; Houliang Lu; Xiaonong Hu,2025,Applied Geochemistry,10.1016/j.apgeochem.2025.106669,环境因子调控；微生物群落结构与共现网络,用于背景综述或讨论补充,"Wang et al., 2025"
Plant-induced nutrient enrichment alters microbial carbon cycling gene expression in Pb–Zn contaminated rhizospheres,Caili Sun; Yongwei Liu; Yajuan Yao; Xiaoyu Lu,2025,Plant and Soil,10.1007/s11104-025-07804-w,环境因子调控；湿地植被与根际效应,用于背景综述或讨论补充,"Sun et al., 2025"
Rhizosphere soil microbial communities and nitrogen transformation response to forest fire smoke,Ziyan Huang; Xiaoyu Zhan; Mulualem Tigabu; Yan He; Z. B. Li; Guangyu Wang; Futao Guo,2025,Applied Soil Ecology,10.1016/j.apsoil.2025.105990,环境因子调控；湿地植被与根际效应,用于背景综述或讨论补充,"Huang et al., 2025"
Salinity-driven differentiation of bacterial and fungal communities in coastal wetlands: Contrasting assembly processes and spatial dynamics,Jisheng Xu; Lin Chen; Tantan Zhou; Congzhi Zhang; Jiabao Zhang; Bingzi Zhao,2025,Environmental Research,10.1016/j.envres.2025.121895,滨海湿地与盐沼生态系统；环境因子调控,用于背景综述或讨论补充,"Xu et al., 2025"
Soil N index enhancement by organic fertilizer application depends on aggregate size,Zewen Hei; Jiayu Shao; Rutger A. Wilschut; Yuxuan Niu; Shenglei Hao; Hongyan Zhang; Jan E. Kammenga; Yongliang Chen; Stefan Geisen,2025,Applied Soil Ecology,10.1016/j.apsoil.2025.106166,氮添加/氮沉降与微生物群落；环境因子调控,用于背景综述或讨论补充,"Hei et al., 2025"
Aggregate-size effects on soil physical and chemical properties and microbial communities during wetland-to-upland transition in cold-region ecosystems of northeastern China,Junnan Ding,2026,Revista Brasileira de Ciência do Solo,10.36783/18069657rbcs20250143,滨海湿地与盐沼生态系统；环境因子调控,用于背景综述或讨论补充,"Ding, 2026"
Invasion of Spartina alterniflora Reshapes Sediment Nitrogen Fixation Process in Native Zostera japonica Seagrass Beds,Lin Yang; Xinju Huang; Shaojie Zhu; Zhimin Song; Xin Wang; Zheng Liu; Qianqian Zhang; Zhihai Zhong; Jianmin Zhao; Hui Shi; Xiaoli Zhang,2026,"Estuarine, Coastal and Shelf Science",10.1016/j.ecss.2026.109958,固氮过程；湿地植被与根际效应,用于背景综述或讨论补充,"Yang et al., 2026"
Temporal Changes in Soil Chemical Compositions in Acidified Forest Soils,Saven THAI; Lenka Pavlů; Václav Tejnecký; Sabina Chovancová; Lyhour Hin; Bunthorn Thet; Karel Němeček; Ondřej Drábek,,SSRN Electronic Journal,10.2139/ssrn.4169421,环境因子调控,用于背景综述或讨论补充,"THAI et al., n.d."
Salt-Marsh Bacteria: Bacteria of a Developing Salt Marsh,M. TURNER; T. R. G. GRAY,1962,Nature,10.1038/194559a0,滨海湿地与盐沼生态系统,用于背景综述或讨论补充,"TURNER and GRAY, 1962"
Net effect of rainfall activity on salt-marsh sediment distribution,George Voulgaris; Samuel T Meyers,2004,Marine Geology,10.1016/j.margeo.2004.03.009,环境因子调控,用于背景综述或讨论补充,"Voulgaris and Meyers, 2004"
Global Change and Marsh Elevation Dynamics: Experimenting Where Land Meets Sea and Biology Meets Geology,J. Adam Langley; Marc V. Sigrist; James Duls; Donald R. Cahoon; James C. Lynch; J. Patrick Megonigal,2009,Smithsonian Contributions to the Marine Sciences,10.5479/si.01960768.38.391,背景文献,用于背景综述或讨论补充,"Langley et al., 2009"
Differential responses of ammonia-oxidizing archaea and bacteria to long-term fertilization in a New England salt marsh,Xuefeng Peng; Erik Yando; Erica Hildebrand; Courtney Dwyer; Anne Kearney; Alex Waciega; Ivan Valiela; Anne E. Bernhard,2013,Frontiers in Microbiology,10.3389/fmicb.2012.00445,滨海湿地与盐沼生态系统,用于背景综述或讨论补充,"Peng et al., 2013"
Abundance and community structure of ammonia-oxidizing bacteria and archaea in purple soil under long-term fertilization,Zhifeng Zhou; Xiaojun Shi; Yong Zheng; Zixian Qin; Deti Xie; Zhenlun Li; Tao Guo,2014,European Journal of Soil Biology,10.1016/j.ejsobi.2013.10.003,微生物群落结构与共现网络,用于背景综述或讨论补充,"Zhou et al., 2014"
Higher Abundance of Ammonia Oxidizing Archaea than Ammonia Oxidizing Bacteria and Their Communities in Tibetan Alpine Meadow Soils under Long-term Nitrogen Fertilization,Rui Xiao; Binze Chen; Yongjun Liu; Chuanpei Wang; Ji-Dong Gu; Huyuan Feng; Guozhen Du; Xiaojun Ma,2014,Geomicrobiology Journal,10.1080/01490451.2013.875298,背景文献,用于背景综述或讨论补充,"Xiao et al., 2014"
Where sea meets land,,2015,A Less Green and Pleasant Land,10.1017/cbo9781139381031.023,背景文献,用于背景综述或讨论补充,"Anonymous, 2015"
Metagenomic and quantitative insights into microbial communities and functional genes of nitrogen and iron cycling in twelve wastewater treatment systems,Duntao Shu; Yanling He; Hong Yue; Qingyi Wang,2016,Chemical Engineering Journal,10.1016/j.cej.2016.01.024,土壤氮循环功能基因与宏基因组,用于绪论、方法依据和讨论土壤氮循环功能基因机制,"Shu et al., 2016"
Where Land Meets Sea,Anna Ryan,2016,,10.4324/9781315547305,背景文献,用于背景综述或讨论补充,"Ryan, 2016"
Processes and Microorganisms Involved in the Marine Nitrogen Cycle: Knowledge and Gaps,Silvia Pajares; Ramiro Ramos,2019,Frontiers in Marine Science,10.3389/fmars.2019.00739,背景文献,用于背景综述或讨论补充,"Pajares and Ramos, 2019"
Exotic Spartina alterniflora Loisel. Invasion significantly shifts soil bacterial communities with the successional gradient of saltmarsh in eastern China,Wen Yang; A. Cai; Jinsong Wang; Yiqi Luo; Xiaoli Cheng; S. An,2020,Plant and Soil,10.1007/s11104-020-04470-y,湿地植被与根际效应,用于背景综述或讨论补充,"Yang et al., 2020"
Biocatalysis,Elizabeth L. Bell; William Finnigan; Scott P. France; Anthony P. Green; Martin A. Hayes; Lorna J. Hepworth; Sarah L. Lovelock; Haruka Niikura; Sílvia Osuna; Elvira Romero; Katherine S. Ryan; Nicholas J. Turner; Sabine L. Flitsch,2021,Nature Reviews Methods Primers,10.1038/s43586-021-00044-z,背景文献,用于背景综述或讨论补充,"Bell et al., 2021"
Biochar improved soil health and mitigated greenhouse gas emission from controlled irrigation paddy field: Insights into microbial diversity,Zewei Jiang; Shihong Yang; Qingqing Pang; Yi Xu; Xi Chen; Xiao Sun; Suting Qi; Wanqing Yu,2021,Journal of Cleaner Production,10.1016/j.jclepro.2021.128595,背景文献,用于背景综述或讨论补充,"Jiang et al., 2021"
Changes in soil bacterial and fungal community composition and functional groups during the succession of boreal forests,Shuai Jiang; Yajuan Xing; Guancheng Liu; Chunyi Hu; Xiaochun Wang; Guoyong Yan; Qinggui Wang,2021,Soil Biology and Biochemistry,10.1016/j.soilbio.2021.108393,背景文献,用于背景综述或讨论补充,"Jiang et al., 2021"
"Forage Grasses Steer Soil Nitrogen Processes, Microbial Populations, and Microbiome Composition in A Long-term Tropical Agriculture System",Letusa Momesso; Carlos Alexandre Costa Crusciol; Márcio Fernandes Alves Leite; João William Bossolani; Eiko E. Kuramae,2021,Agriculture Ecosystems & Environment,10.1016/j.agee.2021.107688,环境因子调控,用于背景综述或讨论补充,"Momesso et al., 2021"
Global predictions of primary soil salinization under changing climate in the 21st century,Amirhossein Hassani; Adisa Azapagic; Nima Shokri,2021,Nature Communications,10.1038/s41467-021-26907-3,环境因子调控,用于背景综述或讨论补充,"Hassani et al., 2021"
Insight of bacteria and archaea in Feammox community enriched from different soils,Jiaxuan Zhu; Xuejun Yan; Lean Zhou; Nan Li; Chengmei Liao; Xin Wang,2021,Environmental Research,10.1016/j.envres.2021.111802,背景文献,用于背景综述或讨论补充,"Zhu et al., 2021"
LDPE microplastics affect soil microbial communities and nitrogen cycling,Lili Rong; Longfei Zhao; Leicheng Zhao; Zhipeng Cheng; Yiming Yao; Chaolei Yuan; Lei Wang; Hongwen Sun,2021,Science of The Total Environment,10.1016/j.scitotenv.2021.145640,环境因子调控,用于背景综述或讨论补充,"Rong et al., 2021"
Microbial dynamics and activity of denitrifying anaerobic methane oxidizers in China's estuarine and coastal wetlands,Yuhui Niu; Yanling Zheng; Lijun Hou; Dengzhou Gao; Feiyang Chen; Chenya Pei; Hongpo Dong; Xia Liang; Min Liu,2021,The Science of The Total Environment,10.1016/j.scitotenv.2021.150425,滨海湿地与盐沼生态系统,用于背景综述或讨论补充,"Niu et al., 2021"
Microbial investigations of new hydrogel-biochar composites as soil amendments for simultaneous nitrogen-use improvement and heavy metal immobilization,Lixun Zhang; Yuntao Guan,2021,Journal of Hazardous Materials,10.1016/j.jhazmat.2021.127154,背景文献,用于背景综述或讨论补充,"Zhang and Guan, 2021"
Microplastics altered soil microbiome and nitrogen cycling: The role of phthalate plasticizer,Feng Zhu; Yuanyuan Yan; Evelyn Doyle; Changyin Zhu; Xin Jin; Zhanghao Chen; Chao Wang; Huan He; Dongmei Zhou; Cheng Gu,2021,Journal of Hazardous Materials,10.1016/j.jhazmat.2021.127944,环境因子调控,用于背景综述或讨论补充,"Zhu et al., 2021"
Pesticide effects on nitrogen cycle related microbial functions and community composition,Jowenna Xiao Feng Sim; Casey L. Doolette; Sotirios Vasileiadis; Barbara Drigo; Ethan R. Wyrsch; Steven P. Djordjevic; Erica Donner; Dimitrios G. Karpouzas; Enzo Lombi,2021,The Science of The Total Environment,10.1016/j.scitotenv.2021.150734,环境因子调控,用于背景综述或讨论补充,"Sim et al., 2021"
Restoring wetlands on intensive agricultural lands modifies nitrogen cycling microbial communities and reduces N2O production potential,Kuno Kasak; Mikk Espenberg; Tyler L. Anthony; Susannah G. Tringe; Alex Valach; Kyle S. Hemes; Whendee L. Silver; Ülo Mander; Keit Kill; Gavin McNicol; Daphne Szutu; Joseph Verfaillie; Dennis Baldocchi,2021,Journal of Environmental Management,10.1016/j.jenvman.2021.113562,滨海湿地与盐沼生态系统,用于背景综述或讨论补充,"Kasak et al., 2021"
Short-term effects of polyethene and polypropylene microplastics on soil phosphorus and nitrogen availability,Haixiao Li; Le Liu,2021,Chemosphere,10.1016/j.chemosphere.2021.132984,环境因子调控,用于背景综述或讨论补充,"Li and Liu, 2021"
Soil salinity and nutrients availability drive patterns in bacterial community and diversity along succession gradient in the Yellow River Delta,Yong Li; Enze Kang; Bing Song; Jinsong Wang; Xiaodong Zhang; Jinzhi Wang; Meng Li; Liang Yan; Zhongqing Yan; Kerou Zhang; Haidong Wu; Xiaoming Kang,2021,Estuarine Coastal and Shelf Science,10.1016/j.ecss.2021.107621,环境因子调控,用于背景综述或讨论补充,"Li et al., 2021"
Systematic evaluation of horizontal gene transfer between eukaryotes and viruses,Nicholas A. T. Irwin; Alexandros A. Pittis; Thomas A. Richards; Patrick J. Keeling,2021,Nature Microbiology,10.1038/s41564-021-01026-3,背景文献,用于背景综述或讨论补充,"Irwin et al., 2021"
Aggravation of nitrous oxide emissions driven by burrowing crab activities in intertidal marsh soils: Mechanisms and environmental implications,Zhirui An; Yanling Zheng; Lijun Hou; Dengzhou Gao; Feiyang Chen; Jie Zhou; Bolin Liu; Li Wu; Lin Qi; Guoyu Yin; Min Liu,2022,Soil Biology and Biochemistry,10.1016/j.soilbio.2022.108732,环境因子调控,用于背景综述或讨论补充,"An et al., 2022"
Amino acid nitrogen trends in paddy soils under long-term rice cultivation in southeast coast of China,Jinhua Pan; Jin Wang; Shunyao Zhuang,2022,CATENA,10.1016/j.catena.2022.106044,背景文献,用于背景综述或讨论补充,"Pan et al., 2022"
Biophysical and economic constraints on China’s natural climate solutions,Nan Lü; Hanqin Tian; Bojie Fu; Huiqian Yu; Shilong Piao; Shiyin Chen; Ya Li; Xiaoyong Li; Mengyu Wang; Zidong Li; Lu Zhang; Philippe Ciais; Pete Smith,2022,Nature Climate Change,10.1038/s41558-022-01432-3,环境因子调控,用于背景综述或讨论补充,"Lü et al., 2022"
Changes in soil prokaryotic communities and nitrogen cycling functions along a groundwater table drawdown gradient in desert wetlands,Kun Wang; Ruopeng Pan; Hongyan Fei; Qian Tong; Fengpeng Han,2022,The Science of The Total Environment,10.1016/j.scitotenv.2022.156868,滨海湿地与盐沼生态系统,用于背景综述或讨论补充,"Wang et al., 2022"
Defining the Sphagnum Core Microbiome across the North American Continent Reveals a Central Role for Diazotrophic Methanotrophs in the Nitrogen and Carbon Cycles of Boreal Peatland Ecosystems,Max Kolton; David J. Weston; Xavier Mayali; Peter Weber; Karis J. McFarlane; Jennifer Pett‐Ridge; Mark M. Somoza; Jory Lietard; Jennifer B. Glass; Erik A. Lilleskov; A. Jonathan Shaw; Susannah G. Tringe; Paul J. Hanson; Joel E. Kostka,2022,mBio,10.1128/mbio.03714-21,环境因子调控,用于背景综述或讨论补充,"Kolton et al., 2022"
"Direct air capture: process technology, techno-economic and socio-political challenges",María Erans; Eloy S. Sanz-Pérez; Dawid P. Hanak; Zeynep Clulow; David Reiner; Greg A. Mutch,2022,Energy & Environmental Science,10.1039/d1ee03523a,环境因子调控,用于背景综述或讨论补充,"Erans et al., 2022"
Divergent responses of soil microbial functional groups to long-term high nitrogen presence in the tropical forests,Weibin Chen; Fanglong Su; Yanxia Nie; Buqing Zhong; Yong Zheng; Jiangming Mo; Binghong Xiong; X. L. Lu,2022,The Science of The Total Environment,10.1016/j.scitotenv.2022.153251,背景文献,用于背景综述或讨论补充,"Chen et al., 2022"
Enzymatic activity and functional diversity of soil microorganisms along the soil profile – A matter of soil depth and soil-forming processes,Anna Piotrowska‐Długosz; Jacek Długosz; Magdalena Frąc; Agata Gryta; Barbara Breza-Boruta,2022,Geoderma,10.1016/j.geoderma.2022.115779,背景文献,用于背景综述或讨论补充,"Piotrowska‐Długosz et al., 2022"
Enzymatic stoichiometry reveals phosphorus limitation-induced changes in the soil bacterial communities and element cycling: Evidence from a long-term field experiment,Jiwen Cui; Shuai Zhang; Xiya Wang; Xinpeng Xu; Chao Ai; Guoqing Liang; Ping Zhu; Wei Zhou,2022,Geoderma,10.1016/j.geoderma.2022.116124,环境因子调控,用于背景综述或讨论补充,"Cui et al., 2022"
Exploring the Role of Cryptic Nitrogen Fixers in Terrestrial Ecosystems: A Frontier in Nitrogen Cycling Research,Cory C. Cleveland; Carla Roberta Gonçalves Reis; Steven S. Perakis; Katherine A. Dynarski; Sarah A. Batterman; Timothy E. Crews; Maga Gei; Michael J. Gundale; Duncan N. L. Menge; Mark B. Peoples; Sasha C. Reed; Verity Salmon; Fiona M. Soper; Benton N. Taylor; Monica G. Turner; Nina Wurzburger,2022,Ecosystems,10.1007/s10021-022-00804-2,环境因子调控,用于背景综述或讨论补充,"Cleveland et al., 2022"
Feammox in alluvial-lacustrine aquifer system: Nitrogen/iron isotopic and biogeochemical evidences,Yaojin Xiong; Yao Du; Yamin Deng; Teng Ma; Yanxin Wang,2022,Water Research,10.1016/j.watres.2022.118867,背景文献,用于背景综述或讨论补充,"Xiong et al., 2022"
Global patterns and drivers of soil nematodes in response to nitrogen enrichment,Xing Wen; Xiaoming Lu; Shuli Niu; Dima Chen; Jinsong Wang; Ya Liu; Bingxue Wang; Shuang Zhang; Zhaolei Li; Xijun Yao; Qiang Yu; Dashuan Tian,2022,CATENA,10.1016/j.catena.2022.106235,背景文献,用于背景综述或讨论补充,"Wen et al., 2022"
Meta-analysis of the impacts of phosphorus addition on soil microbes,Wenchao Wu; Fang Wang; Anquan Xia; Zejin Zhang; Zongsong Wang; Kui Wang; Junfu Dong; Tong Li; Yibo Wu; Rongxiao Che; Linfeng Li; Shuli Niu; Yanbin Hao; Yanfen Wang; Xiaoyong Cui,2022,Agriculture Ecosystems & Environment,10.1016/j.agee.2022.108180,环境因子调控,用于背景综述或讨论补充,"Wu et al., 2022"
Microbial community succession in soils under long-term heavy metal stress from community diversity-structure to KEGG function pathways,Suya Ma; Longkai Qiao; Xiaoxia Liu; Shuo Zhang; Luying Zhang; Ziliang Qiu; Caihong Yu,2022,Environmental Research,10.1016/j.envres.2022.113822,微生物群落结构与共现网络,用于背景综述或讨论补充,"Ma et al., 2022"
Microbially mediated Fe-N coupled cycling at different hydrological regimes in riparian wetland,Yuexia Wu; Ligang Xu; Zhenglu Wang; Junxiang Cheng; Jilai Lu; Hailin You; Xiaodong Zhang,2022,The Science of The Total Environment,10.1016/j.scitotenv.2022.158237,滨海湿地与盐沼生态系统,用于背景综述或讨论补充,"Wu et al., 2022"
Nitrogen addition enhanced the polycyclic aromatic hydrocarbons dissipation through increasing the abundance of related degrading genes in the soils,Jian Wang; Zhiyao Yang; Xian Zhou; Michael Gatheru Waigi; Fredrick Owino Gudda; Emmanuel Stephen Odinga; Ahmed Mosa; Wanting Ling,2022,Journal of Hazardous Materials,10.1016/j.jhazmat.2022.129034,氮添加/氮沉降与微生物群落,用于背景综述或讨论补充,"Wang et al., 2022"
"Nitrogen transformation promotes the anaerobic degradation of PAHs in water level fluctuation zone of the Three Gorges Reservoir in Yangtze River, China: Evidences derived from in-situ experiment",Shupei Yuan; Xinkuan Han; Xiangyang Yin; Peixing Su; Yiying Zhang; Yinfei Liu; Juntong Zhang; Daijun Zhang,2022,The Science of The Total Environment,10.1016/j.scitotenv.2022.161034,背景文献,用于背景综述或讨论补充,"Yuan et al., 2022"
Spartina alterniflora invasion changed enrichment and coupling characteristics of multiple elements in coastal marsh sediment of the Yellow River Delta,Meijie Zheng; Zhongsheng Zhang; Shan Jiang; Xin Yuan; Xuehui Zhang; Dongmei Zheng; Haitao Wu,2022,Applied Geochemistry,10.1016/j.apgeochem.2022.105517,湿地植被与根际效应,用于背景综述或讨论补充,"Zheng et al., 2022"
Spatiotemporal Dynamics of Bacterial Taxonomic and Functional Profiles in Estuarine Intertidal Soils of China Coastal Zone,Zongxiao Zhang; Ping Han; Yanling Zheng; Shuo Jiao; Hongpo Dong; Xia Liang; Dengzhou Gao; Yuhui Niu; Guoyu Yin; Min Liu; Lijun Hou,2022,Microbial Ecology,10.1007/s00248-022-01996-9,环境因子调控,用于背景综述或讨论补充,"Zhang et al., 2022"
Species shifts induce soil organic matter priming and changes in microbial communities,Blanca Bernal; Sung-Hyun Kim; Thomas J. Mozdzer,2022,The Science of The Total Environment,10.1016/j.scitotenv.2022.159956,环境因子调控,用于背景综述或讨论补充,"Bernal et al., 2022"
Temporal patterns of soil carbon emission in tropical forests under long-term nitrogen deposition,Mianhai Zheng; Tao Zhang; Yiqi Luo; Juxiu Liu; X. L. Lu; Qing Ye; Senhao Wang; Juan Huang; Qinggong Mao; Jiangming Mo; Wei Zhang,2022,Nature Geoscience,10.1038/s41561-022-01080-4,氮添加/氮沉降与微生物群落,用于背景综述或讨论补充,"Zheng et al., 2022"
The Microbiomes in Lichen and Moss Biocrust Contribute Differently to Carbon and Nitrogen Cycles in Arid Ecosystems,Chang Fu Tian; Jingwen Pang; Chongfeng Bu; Shufang Wu; Hao Bai; Yahong Li; Qi Guo; Kadambot H. M. Siddique,2022,Microbial Ecology,10.1007/s00248-022-02077-7,环境因子调控,用于背景综述或讨论补充,"Tian et al., 2022"
Bacterial biogeography in China and its association to land use and soil organic carbon,Tao Lu; Nuohan Xu; Chaotang Lei; Qi Zhang; Zhenyan Zhang; Liwei Sun; Feng He; Ning‐Yi Zhou; Josep Peñuelas; Yong‐Guan Zhu; Haifeng Qian,2023,Soil Ecology Letters,10.1007/s42832-023-0172-8,环境因子调控,用于背景综述或讨论补充,"Lu et al., 2023"
Characterization of the responses of soil micro-organisms to azoxystrobin and the residue dynamics of azoxystrobin in wheat–corn rotation fields over two years,Chengbo Lu; Kaixuan Hou; Tongtong Zhou; Xiaole Wang; Jingwen Zhang; Chao Cheng; Zhongkun Du; Bing Li; Jinhua Wang; Jun Wang; Lusheng Zhu,2023,Chemosphere,10.1016/j.chemosphere.2023.137918,环境因子调控,用于背景综述或讨论补充,"Lu et al., 2023"
Discrepant responses of bacterial community and enzyme activities to conventional and biodegradable microplastics in paddy soil,Zhiyu Zhang; Wenfeng Wang; Jiping Liu; Haitao Wu,2023,The Science of The Total Environment,10.1016/j.scitotenv.2023.168513,背景文献,用于背景综述或讨论补充,"Zhang et al., 2023"
Dynamics of tannin variations in mangrove leaf litter decomposition and their effects on environmental nitrogen and microbial activity,Tao Lang; Xinran Ke; Jian Wei; Muzammil Hussain; Mingdang Li; Changjun Gao; Mingguo Jiang; Yibing Wang; Yijian Fu; Kunhua Wu; Wenyan Zhang; N.F.Y. Tam; Haichao Zhou,2023,The Science of The Total Environment,10.1016/j.scitotenv.2023.168150,环境因子调控,用于背景综述或讨论补充,"Lang et al., 2023"
Effects of practicing long-term mulched drip irrigation on soil quality in Northwest China,Rui Zong; Zhenhua Wang; Wenhao Li; Haiqiang Li; Olusola O. Ayantobo,2023,The Science of The Total Environment,10.1016/j.scitotenv.2023.163247,环境因子调控,用于背景综述或讨论补充,"Zong et al., 2023"
Efficient nitrogen removal through coupling biochar with zero-valent iron by different packing modes in bioretention system,Jiajie Chen; Yu Xie; Shanshan Sun; Manping Zhang; Pan Yan; Feng Xu; Li Tang; Shengbing He,2023,Environmental Research,10.1016/j.envres.2023.115375,背景文献,用于背景综述或讨论补充,"Chen et al., 2023"
Enhanced degradation of petroleum in saline soil by nitrogen stimulation and halophilic emulsifying bacteria Bacillus sp. Z-13,Shuhui Zhang; Mengru Zhang; Fei Han; Zhe Liu; Chuanfu Zhao; Jianhua Lei; Weizhi Zhou,2023,Journal of Hazardous Materials,10.1016/j.jhazmat.2023.132102,环境因子调控,用于背景综述或讨论补充,"Zhang et al., 2023"
Extensive global wetland loss over the past three centuries,Etienne Fluet‐Chouinard; Benjamin D. Stocker; Zhen Zhang; Avni Malhotra; Joe R. Melton; Benjamin Poulter; Jed O. Kaplan; Kees Klein Goldewijk; Stefan Siebert; Tatiana Minayeva; Gustaf Hugelius; Hans Joosten; Alexandra Barthelmes; Catherine Prigent; Filipe Aires; Alison M. Hoyt; Nick C. Davidson; C. Max Finlayson; Bernhard Lehner; Robert B. Jackson,2023,Nature,10.1038/s41586-022-05572-6,滨海湿地与盐沼生态系统,用于背景综述或讨论补充,"Fluet‐Chouinard et al., 2023"
Medium-sized anammox granules achieve the optimal synergism between AnAOB and HDB via nitrite cycle,Da Kang; Xinyu Wan; Jiqiang Zhang; Shuang Ding; Ping Zheng; Yongzhen Peng,2023,Journal of Cleaner Production,10.1016/j.jclepro.2023.139103,背景文献,用于背景综述或讨论补充,"Kang et al., 2023"
Metagenomic analysis revealed the potential of lactic acid bacteria in improving natural saline-alkali land,Hai Tang; Zhi Zhong; Jingqing Hou; Lijun You; Zhixin Zhao; Lai‐Yu Kwok; Menghe Bilige,2023,International Microbiology,10.1007/s10123-023-00388-4,土壤氮循环功能基因与宏基因组,用于绪论、方法依据和讨论土壤氮循环功能基因机制,"Tang et al., 2023"
"Microplastics as carriers of toxic pollutants: Source, transport, and toxicological effects",Nazifa Rafa; Bushra Ahmed; Fatema Tuj Zohora; Jannatul Bakya; Samiya Ahmed; Shams Forruque Ahmed; M. Mofijur; Ashfaque Ahmed Chowdhury; Fares Almomani,2023,Environmental Pollution,10.1016/j.envpol.2023.123190,环境因子调控,用于背景综述或讨论补充,"Rafa et al., 2023"
Nitrogen-cycling processes under long-term compound heavy metal(loids) pressure around a gold mine: Stimulation of nitrite reduction,Xuesong Hu; Xiaoxia Liu; Shuo Zhang; Caihong Yu,2023,Journal of Environmental Sciences,10.1016/j.jes.2023.12.027,土壤氮循环功能基因与宏基因组,用于绪论、方法依据和讨论土壤氮循环功能基因机制,"Hu et al., 2023"
Patters of reactive nitrogen removal at the waters in the semi-constructed wetland,Aiju You; Lei Hua; Jingwen Hu; Junsong Tian; Tao Ding; Na Cheng; Lifang Hu,2023,Journal of Environmental Management,10.1016/j.jenvman.2023.118733,滨海湿地与盐沼生态系统,用于背景综述或讨论补充,"You et al., 2023"
Polyethylene and polyvinyl chloride microplastics promote soil nitrification and alter the composition of key nitrogen functional bacterial groups,Shunyin Huang; Ting Guo; Zhen Feng; Baochen Li; Yimin Cai; Da Ouyang; Williamson Gustave; Chengfei Ying; Haibo Zhang,2023,Journal of Hazardous Materials,10.1016/j.jhazmat.2023.131391,硝化与氨氧化过程,用于背景综述或讨论补充,"Huang et al., 2023"
"Polyethylene microplastic and soil nitrogen dynamics: Unraveling the links between functional genes, microbial communities, and transformation processes",Zhidong Zhou; Jianfeng Hua; Jianhui Xue,2023,Journal of Hazardous Materials,10.1016/j.jhazmat.2023.131857,土壤氮循环功能基因与宏基因组,用于绪论、方法依据和讨论土壤氮循环功能基因机制,"Zhou et al., 2023"
"Remediation of lead and cadmium co-contaminated mining soil by phosphate-functionalized biochar: Performance, mechanism, and microbial response",Jian Zhang; Yinkun Jiang; Chengyu Ding; Shengsen Wang; Chenhao Zhao; Weiqin Yin; Bing Wang; Ruidong Yang; Xiaozhi Wang,2023,Chemosphere,10.1016/j.chemosphere.2023.138938,环境因子调控,用于背景综述或讨论补充,"Zhang et al., 2023"
Responses of sediment nitrogen forms and bacterial communities to different aquatic nitrogen conditions in three submerged macrophyte-type ecological treatment systems,Xinyan Zhou; Tiehan Cheng; Jiaming Yu; Mengting Sheng; Xuelian Ma; Yucheng Cao,2023,Environmental Research,10.1016/j.envres.2023.116322,环境因子调控,用于背景综述或讨论补充,"Zhou et al., 2023"
Reveal molecular mechanism on the effects of silver nanoparticles on nitrogen transformation and related functional microorganisms in an agricultural soil,Jinhao Dong; Baoshan Yang; Hui Wang; Xinlei Cao; Fei He; Lijiao Wang,2023,The Science of The Total Environment,10.1016/j.scitotenv.2023.166765,环境因子调控,用于背景综述或讨论补充,"Dong et al., 2023"
Salt marsh expansion into estuarine mangrove mudflats reduces nitrogen removal capacity,Fenfang Wang; Zeyang Lu; Craig Tobias; Yao Wang; Kai Xiao; Qibiao Yu; Jingjie Lin; Guanmin Huang; Nengwang Chen,2023,CATENA,10.1016/j.catena.2023.107459,滨海湿地与盐沼生态系统,用于背景综述或讨论补充,"Wang et al., 2023"
Seasonality and assembly of soil microbial communities in coastal salt marshes invaded by a perennial grass,Guangliang Zhang; Jia Jia; Qingqing Zhao; Wei Wang; Dawei Wang; Junhong Bai,2023,Journal of Environmental Management,10.1016/j.jenvman.2023.117247,滨海湿地与盐沼生态系统,用于背景综述或讨论补充,"Zhang et al., 2023"
Soil properties and microbial functional attributes drive the response of soil multifunctionality to long-term fertilization management,Duo Ying; Xiaolong Chen; Junfeng Hou; Fucheng Zhao; Peng Li,2023,Applied Soil Ecology,10.1016/j.apsoil.2023.105095,环境因子调控,用于背景综述或讨论补充,"Ying et al., 2023"
The influence of wet-to-dry season shifts on the microbial community stability and nitrogen cycle in the Poyang Lake sediment,Jiaxun Guo; Xu Wang; Xiaofeng Cao; Weixiao Qi; Jianfeng Peng; Huijuan Liu; Jiuhui Qu,2023,The Science of The Total Environment,10.1016/j.scitotenv.2023.166036,微生物群落结构与共现网络,用于背景综述或讨论补充,"Guo et al., 2023"
Tidal dynamics regulates potential coupling of carbon‑nitrogen‑sulfur cycling microbes in intertidal flats,Yuhui Niu; Zhirui An; Dengzhou Gao; Feiyang Chen; Jie Zhou; Bolin Liu; Lin Qi; Li Wu; Zhuke Lin; Guoyu Yin; Xia Liang; Hongpo Dong; Min Liu; Lijun Hou; Yanling Zheng,2023,The Science of The Total Environment,10.1016/j.scitotenv.2023.165663,背景文献,用于背景综述或讨论补充,"Niu et al., 2023"
Ammonia-oxidizing bacteria and archaea exhibit differential nitrogen source preferences,Wei Qin; Stephany P. Wei; Yue Zheng; Eunkyung Choi; Xiangpeng Li; Juliet Johnston; Xianhui Wan; Britt Abrahamson; Zachary Flinkstrom; Baozhan Wang; Hanyan Li; Lei Hou; Qing Tao; Wyatt W. Chlouber; Xin Sun; Michael Wells; Long Ngo; Kristopher A. Hunt; Hidetoshi Urakawa; Xuanyu Tao,2024,Nature Microbiology,10.1038/s41564-023-01593-7,背景文献,用于背景综述或讨论补充,"Qin et al., 2024"
Bacterial and fungal communities exhibit contrasting patterns in response to marsh erosion: A fine-scale observation,Minjie Hu; Dongyao Sun; Jordi Sardans; Ruibing Yan; Hui Wu; Ranxu Ni; Josep Peñuelas,2024,CATENA,10.1016/j.catena.2024.108231,背景文献,用于背景综述或讨论补充,"Hu et al., 2024"
Effects of inorganic nitrogen enrichment on soil CH4 and CO2 production in freshwater and mesohaline marshes across six estuaries in China,Chuan Tong; F. R. Hu; Pengfei Zhan; Ji Tan; Jiafang Huang; Kam W. Tang,2024,CATENA,10.1016/j.catena.2024.108473,环境因子调控,用于背景综述或讨论补充,"Tong et al., 2024"
Effects of manure and nitrogen fertilization on soil microbial carbon fixation genes and associated communities in the Loess Plateau of China,Mengmeng Wen; Yang Liu; Caidi Yang; Ying Dou; Shaoqing Zhu; Guangye Tan; Jun Wang,2024,The Science of The Total Environment,10.1016/j.scitotenv.2024.176581,环境因子调控,用于背景综述或讨论补充,"Wen et al., 2024"
Environmental preferences of soil microbial attributes for long-term nitrogen and acid addition: From phylotype to community,Liji Wu; Ying Wu; Yuhui Meng; Bing Wang; Yongfei Bai; Dima Chen,2024,Soil Biology and Biochemistry,10.1016/j.soilbio.2024.109541,环境因子调控,用于背景综述或讨论补充,"Wu et al., 2024"
High soil bacterial diversity increases the stability of the community under grazing and nitrogen,Muhammad Usman; Mengyuan Wang; Yang Liu; Lan Li; Xiumin Zhang; Tianhao Xiao; Fujiang Hou,2024,Soil and Tillage Research,10.1016/j.still.2024.106414,背景文献,用于背景综述或讨论补充,"Usman et al., 2024"
High-efficient nitrogen removal with low demand of Fe source and mechanism analysis driven by Fe(II)/Fe(III) cycle,Xiaojing Hao; Wei Zeng; Jianmin Li; Mengjia Zhan; Haohao Miao; Qingteng Gong,2024,Chemical Engineering Journal,10.1016/j.cej.2024.148702,环境因子调控,用于背景综述或讨论补充,"Hao et al., 2024"
Kalidium cuspidatum colonization changes the structure and function of salt crust microbial communities,Yaqing Pan; Peng Kang; Yaqi Zhang; Xinrong Li,2024,Environmental Science and Pollution Research,10.1007/s11356-024-32364-4,背景文献,用于背景综述或讨论补充,"Pan et al., 2024"
Keystone bacterial functional module activates P-mineralizing genes to enhance enzymatic hydrolysis of organic P in a subtropical forest soil with 5-year N addition,Quanxin Zeng; Josep Peñuelas; Jordi Sardans; Qiufang Zhang; Jiacong Zhou; Kai Yue; Yuehmin Chen; Yusheng Yang; Yuexin Fan,2024,Soil Biology and Biochemistry,10.1016/j.soilbio.2024.109383,氮添加/氮沉降与微生物群落,用于背景综述或讨论补充,"Zeng et al., 2024"
Metagenomic insights into nitrogen-cycling microbial communities and their relationships with nitrogen removal potential in the Yangtze River,Danli Deng; Zhengjian Yang; Yuyi Yang; Wenjie Wan; Wenzhi Liu; Xiang Xiong,2024,Water Research,10.1016/j.watres.2024.122229,土壤氮循环功能基因与宏基因组,用于绪论、方法依据和讨论土壤氮循环功能基因机制,"Deng et al., 2024"
Microbial nitrogen transformation processes across environments: more than just a cycle,Jennifer B. Glass; Kathrin Rousk,2024,Trends in Microbiology,10.1016/j.tim.2024.04.006,背景文献,用于背景综述或讨论补充,"Glass and Rousk, 2024"
Microbiota-induced asymmetry in coastal methane emission potential under experimental precipitation gradients,Lifeng Zhou; Lirong Zhang; Run Dang; Guangxuan Han; Jian Liu; Meng Zhou; Leilei Xiao,2024,Environmental Research,10.1016/j.envres.2024.120601,环境因子调控,用于背景综述或讨论补充,"Zhou et al., 2024"
Microplastics increase the microbial functional potential of greenhouse gas emissions and water pollution in a freshwater lake: A metagenomic study,Tianyu Zhuo; Kehong Yu; Beibei Chai; Qingfeng Tang; Xia Gao; Jiamin Wang; Lixin He; Xiaohui Lei; Yang Li; Yuan Meng; Lifeng Wu; Bin Chen,2024,Environmental Research,10.1016/j.envres.2024.119250,土壤氮循环功能基因与宏基因组,用于绪论、方法依据和讨论土壤氮循环功能基因机制,"Zhuo et al., 2024"
"Nitrogen, Sulfur, and Carbon-Cycling Capabilities of Microbial Communities From Desert Cave Systems",Katelyn Mary Green; Abigail R. Brown; Zoe E. Havlena; Mackenzie B. Best; Diana E. Northup; Daniel S. Jones,2024,New Mexico Geological Society Annual Spring Meeting,10.56577/sm-2024.3008,背景文献,用于背景综述或讨论补充,"Green et al., 2024"
"Occurrence of polycyclic aromatic hydrocarbons in the Yellow River delta: Sources, ecological risks, and microbial response",Peiqiong Liu; Zizhang Guo; Yu Wang; Mingyu He; Yan Kang; Haiming Wu; Zhen Hu; Jian Zhang,2024,Journal of Environmental Management,10.1016/j.jenvman.2024.122432,环境因子调控,用于背景综述或讨论补充,"Liu et al., 2024"
Salt marsh nitrogen cycling: where land meets sea,Jennifer L. Bowen; Amanda C. Spivak; Anne E. Bernhard; Robinson W. Fulweiler; Anne E. Giblin,2024,Trends in Microbiology,10.1016/j.tim.2023.09.010,滨海湿地与盐沼生态系统,用于背景综述或讨论补充,"Bowen et al., 2024"
Soil microbial carbon and nitrogen limitation constraints soil organic carbon stability in arid and semi-arid grasslands,Mengyao Wu; Lin Chen; Shenggang Chen; Yinglong Chen; Jinpeng Ma; Yaqi Zhang; Danbo Pang; Xuebin Li,2024,Journal of Environmental Management,10.1016/j.jenvman.2024.123675,背景文献,用于背景综述或讨论补充,"Wu et al., 2024"
The impacts of microplastics on the cycling of carbon and nitrogen in terrestrial soil ecosystems: Progress and prospects,Wenfeng Wang; Zhiyu Zhang; Jie Gao; Haitao Wu,2024,The Science of The Total Environment,10.1016/j.scitotenv.2024.169977,环境因子调控,用于背景综述或讨论补充,"Wang et al., 2024"
Transcriptome and metabolome analysis reveals the salt stress-response mechanism in desert isolated Chlorella sp. DT025,Bangxiang He; Wenna Dai; Qin Zhang; Zhengsheng Shi; Yanbin Li; Huiling Wang,2024,Algal Research,10.1016/j.algal.2024.103484,环境因子调控,用于背景综述或讨论补充,"He et al., 2024"
Where Sea Meets Land,Kaja Bałazy,2024,ACADEMIA. The magazine of the Polish Academy of Sciences,10.24425/academiapas.2024.151182,背景文献,用于背景综述或讨论补充,"Bałazy, 2024"
"[Functional Genes and Metabolic Pathways of Nitrogen Metabolism Microorganisms in Lake Sediments：A Case Study of Hongfeng Lake, Guizhou Province].",Qian Liu; X. Chen; Yancheng Li; Yuhang He; Jiang Li,2024,Huan jing ke xue= Huanjing kexue,10.13227/j.hjkx.202310134,土壤氮循环功能基因与宏基因组,用于绪论、方法依据和讨论土壤氮循环功能基因机制,"Liu et al., 2024"
Deciphering the microbial mechanisms underlying glucose induced soil priming effects under low and high nutrient levels,Jiaqi Wang; Xichang Zhang; Yingyi Fu; Lukas Van Zwieten; Han Sun; Georg Guggenberger; Lingfei Hu; Yu Luo; Tida Ge; Yakov Kuzyakov,2025,European Journal of Soil Biology,10.1016/j.ejsobi.2025.103757,环境因子调控,用于背景综述或讨论补充,"Wang et al., 2025"
"Sensitive indicator microorganisms and C,N-cycle processes in soil with different petroleum hydrocarbon pollution levels",Ting Zhang; Xuhong Zhang; Zeliang Liu; Yawen Ou; Xuhong Duan; Manli Wu,2025,Biochemical Engineering Journal,10.1016/j.bej.2025.109752,背景文献,用于背景综述或讨论补充,"Zhang et al., 2025"
"Sources, degradation, and thermal stability of organic matter in riparian soils along two major rivers of China",Le Wang; Peng Yao; Zheng Wang; Bin Zhao; Nan Wang; Xiwen Ye; Chao Gao,2025,CATENA,10.1016/j.catena.2025.108783,背景文献,用于背景综述或讨论补充,"Wang et al., 2025"
Study on the screening of high-efficiency salt and alkali-tolerant microbial agents and their roles and mechanisms in enhancing saline-alkaline soil remediation,Dapeng Li; Zhen Qi; Jieyu Guo; Tao Wang; Xianyue Li; Ning Hou,2025,Journal of Cleaner Production,10.1016/j.jclepro.2025.145992,环境因子调控,用于背景综述或讨论补充,"Li et al., 2025"
